viewer,title,rating
u001,Alien (1979),4.0
u001,American Beauty (1999),5.0
u001,American History X (1998),5.0
u001,Apocalypse Now (1979),4.0
u001,Back to the Future (1985),5.0
u001,Braveheart (1995),4.0
u001,"Clockwork Orange, A (1971)",5.0
u001,Dances with Wolves (1990),4.0
u001,E.T. the Extra-Terrestrial (1982),5.0
u001,Fargo (1996),5.0
u001,Fight Club (1999),5.0
u001,Forrest Gump (1994),4.0
u001,"Fugitive, The (1993)",5.0
u001,Full Metal Jacket (1987),5.0
u001,Gladiator (2000),5.0
u001,Goodfellas (1990),5.0
u001,"Green Mile, The (1999)",5.0
u001,Groundhog Day (1993),4.0
u001,Indiana Jones and the Last Crusade (1989),5.0
u001,Jurassic Park (1993),4.0
u001,L.A. Confidential (1997),5.0
u001,"Matrix, The (1999)",5.0
u001,Monty Python and the Holy Grail (1975),5.0
u001,Office Space (1999),5.0
u001,"Princess Bride, The (1987)",5.0
u001,Raiders of the Lost Ark (Indiana Jones and the Raiders of the Lost Ark) (1981),5.0
u001,Reservoir Dogs (1992),5.0
u001,Saving Private Ryan (1998),4.0
u001,Schindler's List (1993),5.0
u001,Seven (a.k.a. Se7en) (1995),5.0
u001,"Silence of the Lambs, The (1991)",4.0
u001,Star Wars: Episode IV - A New Hope (1977),5.0
u001,Star Wars: Episode V - The Empire Strikes Back (1980),5.0
u001,Star Wars: Episode VI - Return of the Jedi (1983),5.0
u001,"Terminator, The (1984)",5.0
u001,Toy Story (1995),4.0
u001,"Usual Suspects, The (1995)",5.0
u001,Willy Wonka & the Chocolate Factory (1971),5.0
u002,Aladdin (1992),4.0
u002,American Beauty (1999),5.0
u002,Casablanca (1942),5.0
u002,Fargo (1996),5.0
u002,"Fugitive, The (1993)",5.0
u002,Goodfellas (1990),4.0
u002,Groundhog Day (1993),4.0
u002,Indiana Jones and the Last Crusade (1989),4.0
u002,Monty Python and the Holy Grail (1975),5.0
u002,"Princess Bride, The (1987)",5.0
u002,"Silence of the Lambs, The (1991)",5.0
u002,"Sixth Sense, The (1999)",4.0
u002,Star Wars: Episode IV - A New Hope (1977),5.0
u002,Star Wars: Episode V - The Empire Strikes Back (1980),5.0
u002,Willy Wonka & the Chocolate Factory (1971),4.0
u003,Aladdin (1992),5.0
u003,Apollo 13 (1995),4.0
u003,Babe (1995),4.0
u003,Beauty and the Beast (1991),5.0
u003,Braveheart (1995),5.0
u003,Dances with Wolves (1990),5.0
u003,Forrest Gump (1994),5.0
u003,"Fugitive, The (1993)",5.0
u003,Independence Day (a.k.a. ID4) (1996),5.0
u003,Jurassic Park (1993),5.0
u003,"Lion King, The (1994)",5.0
u003,Seven (a.k.a. Se7en) (1995),4.0
u003,"Shawshank Redemption, The (1994)",5.0
u003,"Silence of the Lambs, The (1991)",4.0
u003,Speed (1994),5.0
u003,True Lies (1994),4.0
u003,Twelve Monkeys (a.k.a. 12 Monkeys) (1995),4.0
u004,2001: A Space Odyssey (1968),4.0
u004,American Beauty (1999),4.0
u004,Apocalypse Now (1979),4.0
u004,Apollo 13 (1995),4.5
u004,Back to the Future (1985),5.0
u004,"Beautiful Mind, A (2001)",4.5
u004,Catch Me If You Can (2002),4.0
u004,Dr. Strangelove or: How I Learned to Stop Worrying and Love the Bomb (1964),4.0
u004,Forrest Gump (1994),5.0
u004,"Incredibles, The (2004)",4.0
u004,Independence Day (a.k.a. ID4) (1996),4.5
u004,Jurassic Park (1993),5.0
u004,"Lord of the Rings: The Fellowship of the Ring, The (2001)",4.5
u004,"Lord of the Rings: The Return of the King, The (2003)",4.0
u004,"Lord of the Rings: The Two Towers, The (2002)",4.5
u004,Mission: Impossible (1996),4.0
u004,"Monsters, Inc. (2001)",4.0
u004,Ocean's Eleven (2001),4.0
u004,Pirates of the Caribbean: The Curse of the Black Pearl (2003),4.5
u004,Shrek (2001),4.0
u004,"Silence of the Lambs, The (1991)",5.0
u004,"Sixth Sense, The (1999)",4.5
u004,Star Wars: Episode IV - A New Hope (1977),5.0
u004,Star Wars: Episode V - The Empire Strikes Back (1980),4.0
u004,Star Wars: Episode VI - Return of the Jedi (1983),4.0
u004,"Terminator, The (1984)",5.0
u004,Toy Story (1995),4.5
u004,"Usual Suspects, The (1995)",4.5
u005,Apollo 13 (1995),5.0
u005,Braveheart (1995),5.0
u005,Forrest Gump (1994),5.0
u005,"Fugitive, The (1993)",5.0
u005,Good Will Hunting (1997),4.0
u005,Independence Day (a.k.a. ID4) (1996),4.0
u005,Jurassic Park (1993),4.0
u005,Mission: Impossible (1996),4.0
u005,Saving Private Ryan (1998),5.0
u005,"Shawshank Redemption, The (1994)",4.0
u005,"Silence of the Lambs, The (1991)",5.0
u005,Star Wars: Episode VI - Return of the Jedi (1983),4.0
u005,Terminator 2: Judgment Day (1991),4.0
u005,True Lies (1994),4.0
u006,Alien (1979),5.0
u006,Aliens (1986),5.0
u006,American Beauty (1999),4.0
u006,American History X (1998),4.5
u006,Back to the Future (1985),5.0
u006,"Beautiful Mind, A (2001)",5.0
u006,Catch Me If You Can (2002),5.0
u006,Forrest Gump (1994),5.0
u006,Gladiator (2000),5.0
u006,"Godfather, The (1972)",4.0
u006,"Green Mile, The (1999)",5.0
u006,"Matrix, The (1999)",4.0
u006,Pulp Fiction (1994),4.0
u006,Raiders of the Lost Ark (Indiana Jones and the Raiders of the Lost Ark) (1981),4.0
u006,Schindler's List (1993),5.0
u006,"Shawshank Redemption, The (1994)",5.0
u006,Star Wars: Episode IV - A New Hope (1977),5.0
u006,Star Wars: Episode V - The Empire Strikes Back (1980),5.0
u006,Star Wars: Episode VI - Return of the Jedi (1983),5.0
u006,Terminator 2: Judgment Day (1991),5.0
u006,"Terminator, The (1984)",4.0
u007,Alien (1979),4.0
u007,"Amelie (Fabuleux destin d'Amélie Poulain, Le) (2001)",4.0
u007,Apocalypse Now (1979),4.0
u007,Blade Runner (1982),4.5
u007,"Dark Knight, The (2008)",4.5
u007,Dr. Strangelove or: How I Learned to Stop Worrying and Love the Bomb (1964),4.5
u007,Fargo (1996),4.5
u007,Full Metal Jacket (1987),4.5
u007,Léon: The Professional (a.k.a. The Professional) (Léon) (1994),4.0
u007,Memento (2000),4.5
u007,Monty Python and the Holy Grail (1975),4.0
u007,One Flew Over the Cuckoo's Nest (1975),4.0
u007,"Princess Bride, The (1987)",4.0
u007,Reservoir Dogs (1992),4.0
u007,Schindler's List (1993),4.0
u007,"Shawshank Redemption, The (1994)",4.0
u007,Taxi Driver (1976),4.5
u007,"Usual Suspects, The (1995)",4.0
u007,WALL·E (2008),4.0
u008,Alien (1979),4.0
u008,American Beauty (1999),4.0
u008,Babe (1995),4.0
u008,Back to the Future (1985),4.0
u008,Blade Runner (1982),4.0
u008,E.T. the Extra-Terrestrial (1982),5.0
u008,Fight Club (1999),5.0
u008,"Fugitive, The (1993)",4.0
u008,Groundhog Day (1993),4.0
u008,Indiana Jones and the Last Crusade (1989),5.0
u008,L.A. Confidential (1997),4.0
u008,Léon: The Professional (a.k.a. The Professional) (Léon) (1994),4.0
u008,"Matrix, The (1999)",4.0
u008,One Flew Over the Cuckoo's Nest (1975),4.0
u008,"Princess Bride, The (1987)",5.0
u008,Raiders of the Lost Ark (Indiana Jones and the Raiders of the Lost Ark) (1981),5.0
u008,"Sixth Sense, The (1999)",4.0
u008,Speed (1994),4.0
u008,Star Wars: Episode IV - A New Hope (1977),4.0
u008,Star Wars: Episode V - The Empire Strikes Back (1980),4.0
u008,Terminator 2: Judgment Day (1991),5.0
u008,"Terminator, The (1984)",4.0
u008,Toy Story (1995),4.0
u008,Twelve Monkeys (a.k.a. 12 Monkeys) (1995),4.0
u008,Willy Wonka & the Chocolate Factory (1971),4.0
u009,Aladdin (1992),4.0
u009,Back to the Future (1985),5.0
u009,"Bourne Identity, The (2002)",4.0
u009,Forrest Gump (1994),4.5
u009,Indiana Jones and the Last Crusade (1989),4.0
u009,Jurassic Park (1993),4.0
u009,"Lion King, The (1994)",4.0
u009,"Matrix, The (1999)",4.0
u009,Men in Black (a.k.a. MIB) (1997),4.5
u009,Mission: Impossible (1996),4.5
u009,Ocean's Eleven (2001),4.5
u009,Pirates of the Caribbean: The Curse of the Black Pearl (2003),4.0
u009,Raiders of the Lost Ark (Indiana Jones and the Raiders of the Lost Ark) (1981),4.0
u009,Shrek (2001),4.0
u009,Star Wars: Episode IV - A New Hope (1977),4.5
u009,Star Wars: Episode V - The Empire Strikes Back (1980),4.5
u009,Star Wars: Episode VI - Return of the Jedi (1983),4.5
u010,"Bourne Identity, The (2002)",4.0
u010,"Dark Knight, The (2008)",4.0
u010,Fargo (1996),4.0
u010,Forrest Gump (1994),4.5
u010,Gladiator (2000),4.0
u010,Good Will Hunting (1997),4.0
u010,"Green Mile, The (1999)",4.5
u010,Groundhog Day (1993),4.5
u010,Inception (2010),4.0
u010,"Matrix, The (1999)",4.0
u010,Men in Black (a.k.a. MIB) (1997),4.0
u010,"Princess Bride, The (1987)",4.0
u010,Pulp Fiction (1994),4.0
u010,Raiders of the Lost Ark (Indiana Jones and the Raiders of the Lost Ark) (1981),4.5
u010,Saving Private Ryan (1998),4.0
u010,"Shawshank Redemption, The (1994)",4.5
u010,"Silence of the Lambs, The (1991)",4.5
u010,"Usual Suspects, The (1995)",4.0
u011,Babe (1995),5.0
u011,Back to the Future (1985),5.0
u011,Beauty and the Beast (1991),4.0
u011,Dances with Wolves (1990),4.0
u011,E.T. the Extra-Terrestrial (1982),5.0
u011,Forrest Gump (1994),5.0
u011,Jurassic Park (1993),4.0
u011,"Lion King, The (1994)",4.0
u011,Mission: Impossible (1996),4.0
u011,"Princess Bride, The (1987)",5.0
u011,Raiders of the Lost Ark (Indiana Jones and the Raiders of the Lost Ark) (1981),5.0
u011,Star Wars: Episode IV - A New Hope (1977),4.0
u011,Star Wars: Episode V - The Empire Strikes Back (1980),4.0
u011,Star Wars: Episode VI - Return of the Jedi (1983),4.0
u012,Aliens (1986),4.0
u012,American Beauty (1999),4.0
u012,Batman Begins (2005),4.5
u012,Blade Runner (1982),4.0
u012,Dances with Wolves (1990),4.0
u012,Donnie Darko (2001),4.0
u012,Forrest Gump (1994),4.0
u012,Full Metal Jacket (1987),4.0
u012,Gladiator (2000),4.0
u012,"Godfather, The (1972)",4.5
u012,"Godfather: Part II, The (1974)",4.0
u012,Goodfellas (1990),4.0
u012,Kill Bill: Vol. 1 (2003),4.0
u012,Léon: The Professional (a.k.a. The Professional) (Léon) (1994),4.5
u012,"Matrix, The (1999)",4.0
u012,Pulp Fiction (1994),4.5
u012,Star Wars: Episode IV - A New Hope (1977),4.0
u012,Star Wars: Episode V - The Empire Strikes Back (1980),4.0
u012,Star Wars: Episode VI - Return of the Jedi (1983),4.0
u012,Terminator 2: Judgment Day (1991),4.5
u012,"Terminator, The (1984)",4.5
u012,WALL·E (2008),4.0
u013,2001: A Space Odyssey (1968),5.0
u013,Apocalypse Now (1979),4.0
u013,Apollo 13 (1995),4.0
u013,Back to the Future (1985),4.0
u013,"Departed, The (2006)",4.5
u013,Dr. Strangelove or: How I Learned to Stop Worrying and Love the Bomb (1964),4.5
u013,Forrest Gump (1994),4.5
u013,Full Metal Jacket (1987),4.0
u013,Gladiator (2000),5.0
u013,"Godfather, The (1972)",4.5
u013,Goodfellas (1990),4.0
u013,Independence Day (a.k.a. ID4) (1996),4.0
u013,L.A. Confidential (1997),5.0
u013,Monty Python and the Holy Grail (1975),4.0
u013,Raiders of the Lost Ark (Indiana Jones and the Raiders of the Lost Ark) (1981),4.5
u013,Saving Private Ryan (1998),5.0
u013,"Shawshank Redemption, The (1994)",4.5
u014,Batman Begins (2005),5.0
u014,Braveheart (1995),5.0
u014,"Dark Knight, The (2008)",5.0
u014,Die Hard (1988),4.0
u014,Inception (2010),5.0
u014,Indiana Jones and the Last Crusade (1989),5.0
u014,"Lord of the Rings: The Fellowship of the Ring, The (2001)",5.0
u014,"Lord of the Rings: The Return of the King, The (2003)",5.0
u014,"Lord of the Rings: The Two Towers, The (2002)",5.0
u014,"Matrix, The (1999)",5.0
u014,Raiders of the Lost Ark (Indiana Jones and the Raiders of the Lost Ark) (1981),5.0
u014,"Shawshank Redemption, The (1994)",5.0
u014,Star Wars: Episode IV - A New Hope (1977),5.0
u014,Star Wars: Episode V - The Empire Strikes Back (1980),5.0
u014,Star Wars: Episode VI - Return of the Jedi (1983),5.0
u014,WALL·E (2008),5.0
u015,Aladdin (1992),5.0
u015,Braveheart (1995),5.0
u015,Fargo (1996),4.0
u015,Forrest Gump (1994),5.0
u015,"Fugitive, The (1993)",5.0
u015,Good Will Hunting (1997),5.0
u015,L.A. Confidential (1997),5.0
u015,Léon: The Professional (a.k.a. The Professional) (Léon) (1994),4.0
u015,"Matrix, The (1999)",5.0
u015,Pulp Fiction (1994),5.0
u015,Saving Private Ryan (1998),5.0
u015,Schindler's List (1993),5.0
u015,"Shawshank Redemption, The (1994)",4.0
u015,"Silence of the Lambs, The (1991)",5.0
u015,"Sixth Sense, The (1999)",4.0
u015,Star Wars: Episode VI - Return of the Jedi (1983),5.0
u015,Terminator 2: Judgment Day (1991),4.0
u015,Trainspotting (1996),4.0
u015,"Truman Show, The (1998)",4.0
u015,"Usual Suspects, The (1995)",5.0
u016,Aladdin (1992),4.0
u016,Alien (1979),5.0
u016,Aliens (1986),5.0
u016,American Beauty (1999),5.0
u016,Back to the Future (1985),4.0
u016,Die Hard (1988),4.0
u016,E.T. the Extra-Terrestrial (1982),4.0
u016,Fargo (1996),5.0
u016,"Fugitive, The (1993)",4.0
u016,"Godfather, The (1972)",4.0
u016,"Godfather: Part II, The (1974)",5.0
u016,Goodfellas (1990),4.0
u016,Indiana Jones and the Last Crusade (1989),5.0
u016,"Lion King, The (1994)",4.0
u016,"Matrix, The (1999)",5.0
u016,Monty Python and the Holy Grail (1975),4.0
u016,"Princess Bride, The (1987)",5.0
u016,Pulp Fiction (1994),5.0
u016,Raiders of the Lost Ark (Indiana Jones and the Raiders of the Lost Ark) (1981),4.0
u016,Reservoir Dogs (1992),5.0
u016,"Shining, The (1980)",5.0
u016,"Silence of the Lambs, The (1991)",5.0
u016,"Sixth Sense, The (1999)",5.0
u016,Star Wars: Episode IV - A New Hope (1977),5.0
u016,Star Wars: Episode V - The Empire Strikes Back (1980),5.0
u016,Star Wars: Episode VI - Return of the Jedi (1983),5.0
u016,Terminator 2: Judgment Day (1991),4.0
u016,"Usual Suspects, The (1995)",5.0
u017,"Amelie (Fabuleux destin d'Amélie Poulain, Le) (2001)",4.0
u017,American Beauty (1999),4.0
u017,American History X (1998),4.0
u017,Beauty and the Beast (1991),4.0
u017,Catch Me If You Can (2002),4.0
u017,"Clockwork Orange, A (1971)",5.0
u017,Donnie Darko (2001),5.0
u017,Eternal Sunshine of the Spotless Mind (2004),4.0
u017,Fargo (1996),4.0
u017,Fight Club (1999),4.0
u017,Finding Nemo (2003),4.0
u017,Gladiator (2000),4.0
u017,Kill Bill: Vol. 1 (2003),5.0
u017,Léon: The Professional (a.k.a. The Professional) (Léon) (1994),4.0
u017,Memento (2000),4.0
u017,Pulp Fiction (1994),5.0
u017,"Shining, The (1980)",5.0
u017,"Silence of the Lambs, The (1991)",4.0
u017,Trainspotting (1996),4.0
u018,2001: A Space Odyssey (1968),5.0
u018,American History X (1998),5.0
u018,Apollo 13 (1995),5.0
u018,Back to the Future (1985),4.0
u018,Braveheart (1995),4.0
u018,Casablanca (1942),5.0
u018,Dances with Wolves (1990),4.0
u018,Die Hard (1988),4.0
u018,E.T. the Extra-Terrestrial (1982),4.0
u018,Forrest Gump (1994),5.0
u018,"Fugitive, The (1993)",4.0
u018,Full Metal Jacket (1987),5.0
u018,"Godfather, The (1972)",5.0
u018,"Godfather: Part II, The (1974)",5.0
u018,Good Will Hunting (1997),5.0
u018,Goodfellas (1990),5.0
u018,Groundhog Day (1993),5.0
u018,"Lion King, The (1994)",4.0
u018,"Matrix, The (1999)",5.0
u018,Men in Black (a.k.a. MIB) (1997),4.0
u018,Mission: Impossible (1996),5.0
u018,Office Space (1999),5.0
u018,"Princess Bride, The (1987)",5.0
u018,Pulp Fiction (1994),5.0
u018,Reservoir Dogs (1992),5.0
u018,Saving Private Ryan (1998),5.0
u018,Schindler's List (1993),4.0
u018,Seven (a.k.a. Se7en) (1995),4.0
u018,"Shawshank Redemption, The (1994)",4.0
u018,"Silence of the Lambs, The (1991)",5.0
u018,Star Wars: Episode IV - A New Hope (1977),5.0
u018,Star Wars: Episode VI - Return of the Jedi (1983),5.0
u018,"Usual Suspects, The (1995)",5.0
u019,Aladdin (1992),5.0
u019,Apollo 13 (1995),5.0
u019,Babe (1995),5.0
u019,Beauty and the Beast (1991),5.0
u019,Dances with Wolves (1990),4.0
u019,Forrest Gump (1994),5.0
u019,"Fugitive, The (1993)",5.0
u019,Jurassic Park (1993),4.0
u019,"Lion King, The (1994)",5.0
u019,Mission: Impossible (1996),5.0
u019,Seven (a.k.a. Se7en) (1995),4.0
u019,"Shawshank Redemption, The (1994)",4.0
u019,Terminator 2: Judgment Day (1991),5.0
u019,Toy Story (1995),5.0
u019,Willy Wonka & the Chocolate Factory (1971),5.0
u020,Aladdin (1992),5.0
u020,Apollo 13 (1995),4.0
u020,"Bourne Identity, The (2002)",5.0
u020,"Dark Knight, The (2008)",5.0
u020,"Departed, The (2006)",4.0
u020,Fight Club (1999),4.5
u020,Forrest Gump (1994),5.0
u020,Good Will Hunting (1997),5.0
u020,Inception (2010),5.0
u020,"Incredibles, The (2004)",4.0
u020,Kill Bill: Vol. 1 (2003),4.5
u020,"Lion King, The (1994)",5.0
u020,"Lord of the Rings: The Return of the King, The (2003)",5.0
u020,Léon: The Professional (a.k.a. The Professional) (Léon) (1994),4.0
u020,"Matrix, The (1999)",5.0
u020,"Shawshank Redemption, The (1994)",5.0
u020,Star Wars: Episode IV - A New Hope (1977),4.0
u020,Star Wars: Episode V - The Empire Strikes Back (1980),4.0
u020,Star Wars: Episode VI - Return of the Jedi (1983),5.0
u020,WALL·E (2008),4.0
u021,Aladdin (1992),5.0
u021,Apollo 13 (1995),4.0
u021,Beauty and the Beast (1991),5.0
u021,Braveheart (1995),5.0
u021,Forrest Gump (1994),4.0
u021,"Fugitive, The (1993)",5.0
u021,Independence Day (a.k.a. ID4) (1996),5.0
u021,Jurassic Park (1993),4.0
u021,"Lion King, The (1994)",4.0
u021,Léon: The Professional (a.k.a. The Professional) (Léon) (1994),5.0
u021,Mission: Impossible (1996),5.0
u021,Pulp Fiction (1994),5.0
u021,Schindler's List (1993),5.0
u021,Seven (a.k.a. Se7en) (1995),5.0
u021,"Shawshank Redemption, The (1994)",5.0
u021,Speed (1994),5.0
u021,Terminator 2: Judgment Day (1991),4.0
u021,Twelve Monkeys (a.k.a. 12 Monkeys) (1995),5.0
u021,"Usual Suspects, The (1995)",5.0
u021,Willy Wonka & the Chocolate Factory (1971),5.0
u022,2001: A Space Odyssey (1968),5.0
u022,Apocalypse Now (1979),5.0
u022,Blade Runner (1982),5.0
u022,Casablanca (1942),5.0
u022,Dr. Strangelove or: How I Learned to Stop Worrying and Love the Bomb (1964),5.0
u022,E.T. the Extra-Terrestrial (1982),5.0
u022,Fargo (1996),5.0
u022,Full Metal Jacket (1987),5.0
u022,"Godfather, The (1972)",5.0
u022,"Godfather: Part II, The (1974)",4.0
u022,Independence Day (a.k.a. ID4) (1996),4.0
u022,L.A. Confidential (1997),4.0
u022,Mission: Impossible (1996),5.0
u022,Saving Private Ryan (1998),5.0
u022,Schindler's List (1993),5.0
u022,"Silence of the Lambs, The (1991)",5.0
u022,Star Wars: Episode IV - A New Hope (1977),4.0
u022,Star Wars: Episode V - The Empire Strikes Back (1980),4.0
u022,Taxi Driver (1976),5.0
u022,Terminator 2: Judgment Day (1991),4.0
u023,Alien (1979),4.5
u023,Apocalypse Now (1979),4.5
u023,Donnie Darko (2001),4.0
u023,Eternal Sunshine of the Spotless Mind (2004),4.0
u023,Goodfellas (1990),4.0
u023,Kill Bill: Vol. 1 (2003),4.0
u023,"Lord of the Rings: The Fellowship of the Ring, The (2001)",4.5
u023,"Lord of the Rings: The Return of the King, The (2003)",4.5
u023,"Lord of the Rings: The Two Towers, The (2002)",4.5
u023,Léon: The Professional (a.k.a. The Professional) (Léon) (1994),4.5
u023,Memento (2000),4.5
u023,Reservoir Dogs (1992),4.5
u023,"Shawshank Redemption, The (1994)",5.0
u023,"Shining, The (1980)",4.0
u023,"Silence of the Lambs, The (1991)",4.0
u023,Twelve Monkeys (a.k.a. 12 Monkeys) (1995),4.5
u023,"Usual Suspects, The (1995)",4.5
u024,Aladdin (1992),4.0
u024,American Beauty (1999),5.0
u024,American History X (1998),4.0
u024,Apocalypse Now (1979),5.0
u024,Back to the Future (1985),5.0
u024,"Beautiful Mind, A (2001)",4.0
u024,"Bourne Identity, The (2002)",4.0
u024,Casablanca (1942),4.0
u024,Catch Me If You Can (2002),4.0
u024,"Dark Knight, The (2008)",5.0
u024,"Departed, The (2006)",4.5
u024,Die Hard (1988),4.0
u024,Eternal Sunshine of the Spotless Mind (2004),5.0
u024,Fargo (1996),4.5
u024,Fight Club (1999),5.0
u024,"Godfather, The (1972)",4.0
u024,"Godfather: Part II, The (1974)",4.0
u024,Goodfellas (1990),4.0
u024,Indiana Jones and the Last Crusade (1989),4.0
u024,L.A. Confidential (1997),4.0
u024,"Lion King, The (1994)",4.0
u024,"Lord of the Rings: The Fellowship of the Ring, The (2001)",4.0
u024,"Lord of the Rings: The Return of the King, The (2003)",4.0
u024,Mission: Impossible (1996),4.0
u024,Monty Python and the Holy Grail (1975),5.0
u024,Ocean's Eleven (2001),4.0
u024,One Flew Over the Cuckoo's Nest (1975),4.0
u024,Pirates of the Caribbean: The Curse of the Black Pearl (2003),4.0
u024,Pulp Fiction (1994),5.0
u024,Raiders of the Lost Ark (Indiana Jones and the Raiders of the Lost Ark) (1981),5.0
u024,Schindler's List (1993),4.0
u024,Seven (a.k.a. Se7en) (1995),4.0
u024,"Shawshank Redemption, The (1994)",5.0
u024,Star Wars: Episode IV - A New Hope (1977),5.0
u024,Star Wars: Episode V - The Empire Strikes Back (1980),5.0
u024,Star Wars: Episode VI - Return of the Jedi (1983),4.5
u024,Terminator 2: Judgment Day (1991),4.0
u024,Toy Story (1995),5.0
u024,Trainspotting (1996),4.0
u024,"Usual Suspects, The (1995)",5.0
u024,WALL·E (2008),4.0
u025,American Beauty (1999),4.0
u025,Back to the Future (1985),4.5
u025,Die Hard (1988),4.0
u025,Fight Club (1999),4.5
u025,Finding Nemo (2003),4.0
u025,Forrest Gump (1994),4.5
u025,Inception (2010),4.0
u025,Léon: The Professional (a.k.a. The Professional) (Léon) (1994),5.0
u025,"Matrix, The (1999)",4.5
u025,Men in Black (a.k.a. MIB) (1997),4.0
u025,"Monsters, Inc. (2001)",4.5
u025,Pirates of the Caribbean: The Curse of the Black Pearl (2003),4.5
u025,Pulp Fiction (1994),4.5
u025,Saving Private Ryan (1998),4.5
u025,"Shawshank Redemption, The (1994)",4.5
u026,American Beauty (1999),5.0
u026,Beauty and the Beast (1991),4.5
u026,"Bourne Identity, The (2002)",4.5
u026,Casablanca (1942),4.5
u026,Dances with Wolves (1990),4.0
u026,"Dark Knight, The (2008)",5.0
u026,Eternal Sunshine of the Spotless Mind (2004),4.5
u026,Finding Nemo (2003),4.5
u026,"Fugitive, The (1993)",4.5
u026,Gladiator (2000),4.0
u026,"Godfather, The (1972)",4.0
u026,Good Will Hunting (1997),4.5
u026,Inception (2010),5.0
u026,Independence Day (a.k.a. ID4) (1996),4.0
u026,Indiana Jones and the Last Crusade (1989),5.0
u026,"Lion King, The (1994)",4.5
u026,"Lord of the Rings: The Fellowship of the Ring, The (2001)",4.5
u026,"Lord of the Rings: The Return of the King, The (2003)",4.5
u026,"Lord of the Rings: The Two Towers, The (2002)",4.0
u026,Léon: The Professional (a.k.a. The Professional) (Léon) (1994),4.0
u026,"Matrix, The (1999)",4.5
u026,Memento (2000),4.0
u026,Men in Black (a.k.a. MIB) (1997),4.0
u026,Mission: Impossible (1996),4.0
u026,"Monsters, Inc. (2001)",4.5
u026,Office Space (1999),5.0
u026,Pirates of the Caribbean: The Curse of the Black Pearl (2003),5.0
u026,"Princess Bride, The (1987)",5.0
u026,Raiders of the Lost Ark (Indiana Jones and the Raiders of the Lost Ark) (1981),5.0
u026,Saving Private Ryan (1998),4.0
u026,Schindler's List (1993),4.0
u026,Seven (a.k.a. Se7en) (1995),4.0
u026,Shrek (2001),5.0
u026,Speed (1994),5.0
u026,Star Wars: Episode IV - A New Hope (1977),5.0
u026,Star Wars: Episode V - The Empire Strikes Back (1980),5.0
u026,Star Wars: Episode VI - Return of the Jedi (1983),5.0
u026,"Terminator, The (1984)",4.0
u026,"Truman Show, The (1998)",4.5
u026,WALL·E (2008),4.5
u027,2001: A Space Odyssey (1968),5.0
u027,Blade Runner (1982),5.0
u027,Forrest Gump (1994),4.0
u027,"Matrix, The (1999)",5.0
u027,Men in Black (a.k.a. MIB) (1997),4.0
u027,One Flew Over the Cuckoo's Nest (1975),5.0
u027,Pulp Fiction (1994),5.0
u027,"Shawshank Redemption, The (1994)",5.0
u027,"Shining, The (1980)",5.0
u027,"Silence of the Lambs, The (1991)",5.0
u027,"Sixth Sense, The (1999)",5.0
u027,Star Wars: Episode IV - A New Hope (1977),5.0
u027,Star Wars: Episode V - The Empire Strikes Back (1980),5.0
u027,Star Wars: Episode VI - Return of the Jedi (1983),5.0
u027,Terminator 2: Judgment Day (1991),4.0
u027,"Usual Suspects, The (1995)",5.0
u028,"Amelie (Fabuleux destin d'Amélie Poulain, Le) (2001)",5.0
u028,American Beauty (1999),4.5
u028,American History X (1998),4.5
u028,Apollo 13 (1995),4.0
u028,Back to the Future (1985),4.0
u028,Braveheart (1995),4.5
u028,Casablanca (1942),4.5
u028,Dances with Wolves (1990),4.0
u028,Forrest Gump (1994),4.0
u028,"Fugitive, The (1993)",4.5
u028,"Godfather, The (1972)",4.5
u028,"Godfather: Part II, The (1974)",4.5
u028,"Matrix, The (1999)",5.0
u028,Mission: Impossible (1996),4.0
u028,One Flew Over the Cuckoo's Nest (1975),4.0
u028,Pulp Fiction (1994),4.5
u028,Raiders of the Lost Ark (Indiana Jones and the Raiders of the Lost Ark) (1981),4.5
u028,Schindler's List (1993),4.5
u028,Seven (a.k.a. Se7en) (1995),4.5
u028,"Shawshank Redemption, The (1994)",5.0
u028,"Silence of the Lambs, The (1991)",4.5
u028,Star Wars: Episode IV - A New Hope (1977),5.0
u028,Star Wars: Episode V - The Empire Strikes Back (1980),4.5
u028,Star Wars: Episode VI - Return of the Jedi (1983),4.5
u028,Terminator 2: Judgment Day (1991),4.5
u028,Twelve Monkeys (a.k.a. 12 Monkeys) (1995),4.5
u028,"Usual Suspects, The (1995)",4.5
u029,2001: A Space Odyssey (1968),4.0
u029,American Beauty (1999),5.0
u029,"Beautiful Mind, A (2001)",4.0
u029,"Clockwork Orange, A (1971)",5.0
u029,"Dark Knight, The (2008)",4.5
u029,Donnie Darko (2001),5.0
u029,Finding Nemo (2003),4.5
u029,"Incredibles, The (2004)",4.0
u029,Kill Bill: Vol. 1 (2003),5.0
u029,Memento (2000),4.0
u029,"Monsters, Inc. (2001)",4.0
u029,One Flew Over the Cuckoo's Nest (1975),5.0
u029,Pirates of the Caribbean: The Curse of the Black Pearl (2003),4.5
u029,Saving Private Ryan (1998),5.0
u029,Toy Story (1995),4.5
u029,"Truman Show, The (1998)",5.0
u030,Alien (1979),4.5
u030,Blade Runner (1982),4.0
u030,Casablanca (1942),4.0
u030,Die Hard (1988),4.0
u030,"Incredibles, The (2004)",4.0
u030,Indiana Jones and the Last Crusade (1989),4.5
u030,"Lord of the Rings: The Fellowship of the Ring, The (2001)",5.0
u030,"Lord of the Rings: The Return of the King, The (2003)",4.0
u030,"Lord of the Rings: The Two Towers, The (2002)",4.0
u030,Raiders of the Lost Ark (Indiana Jones and the Raiders of the Lost Ark) (1981),4.5
u030,Shrek (2001),4.0
u030,Star Wars: Episode IV - A New Hope (1977),5.0
u030,Star Wars: Episode V - The Empire Strikes Back (1980),4.5
u030,Terminator 2: Judgment Day (1991),4.5
u030,"Terminator, The (1984)",4.0
u031,Alien (1979),4.0
u031,American Beauty (1999),4.0
u031,Apocalypse Now (1979),4.0
u031,"Clockwork Orange, A (1971)",4.5
u031,Fargo (1996),4.0
u031,Fight Club (1999),4.5
u031,"Godfather, The (1972)",5.0
u031,"Godfather: Part II, The (1974)",4.5
u031,Goodfellas (1990),5.0
u031,Inception (2010),4.0
u031,"Matrix, The (1999)",4.0
u031,Memento (2000),4.5
u031,Monty Python and the Holy Grail (1975),5.0
u031,Office Space (1999),4.0
u031,Pulp Fiction (1994),4.5
u031,Reservoir Dogs (1992),4.5
u031,"Sixth Sense, The (1999)",4.0
u031,Star Wars: Episode IV - A New Hope (1977),4.0
u031,Star Wars: Episode V - The Empire Strikes Back (1980),4.0
u031,Trainspotting (1996),4.5
u032,Aliens (1986),4.0
u032,"Fugitive, The (1993)",4.0
u032,Full Metal Jacket (1987),4.0
u032,"Godfather, The (1972)",5.0
u032,"Godfather: Part II, The (1974)",5.0
u032,Indiana Jones and the Last Crusade (1989),5.0
u032,Jurassic Park (1993),5.0
u032,"Matrix, The (1999)",4.0
u032,Men in Black (a.k.a. MIB) (1997),4.0
u032,"Princess Bride, The (1987)",4.0
u032,Saving Private Ryan (1998),5.0
u032,Speed (1994),4.0
u032,Star Wars: Episode IV - A New Hope (1977),5.0
u032,Star Wars: Episode V - The Empire Strikes Back (1980),5.0
u032,Star Wars: Episode VI - Return of the Jedi (1983),5.0
u032,Terminator 2: Judgment Day (1991),5.0
u032,"Terminator, The (1984)",4.0
u033,Alien (1979),5.0
u033,Aliens (1986),4.5
u033,Apollo 13 (1995),4.0
u033,Batman Begins (2005),5.0
u033,"Beautiful Mind, A (2001)",4.5
u033,"Bourne Identity, The (2002)",5.0
u033,Catch Me If You Can (2002),4.5
u033,"Dark Knight, The (2008)",5.0
u033,"Departed, The (2006)",4.0
u033,Donnie Darko (2001),5.0
u033,Fight Club (1999),5.0
u033,"Godfather, The (1972)",4.0
u033,"Godfather: Part II, The (1974)",4.0
u033,"Green Mile, The (1999)",4.0
u033,Inception (2010),4.5
u033,Kill Bill: Vol. 1 (2003),4.5
u033,"Matrix, The (1999)",4.5
u033,Memento (2000),5.0
u033,Mission: Impossible (1996),4.5
u033,"Monsters, Inc. (2001)",4.0
u033,Ocean's Eleven (2001),4.5
u033,Pirates of the Caribbean: The Curse of the Black Pearl (2003),4.0
u033,"Shawshank Redemption, The (1994)",5.0
u033,"Shining, The (1980)",4.0
u033,"Silence of the Lambs, The (1991)",5.0
u033,Twelve Monkeys (a.k.a. 12 Monkeys) (1995),4.0
u033,"Usual Suspects, The (1995)",4.5
u034,Back to the Future (1985),4.0
u034,Braveheart (1995),4.5
u034,Die Hard (1988),4.0
u034,Forrest Gump (1994),4.5
u034,Gladiator (2000),4.5
u034,Independence Day (a.k.a. ID4) (1996),4.0
u034,Indiana Jones and the Last Crusade (1989),4.5
u034,Jurassic Park (1993),4.0
u034,"Lord of the Rings: The Fellowship of the Ring, The (2001)",4.0
u034,"Lord of the Rings: The Return of the King, The (2003)",4.0
u034,"Matrix, The (1999)",4.0
u034,Men in Black (a.k.a. MIB) (1997),4.0
u034,Mission: Impossible (1996),4.0
u034,Pirates of the Caribbean: The Curse of the Black Pearl (2003),4.5
u034,Raiders of the Lost Ark (Indiana Jones and the Raiders of the Lost Ark) (1981),4.5
u034,Shrek (2001),4.0
u034,Star Wars: Episode V - The Empire Strikes Back (1980),4.0
u034,Star Wars: Episode VI - Return of the Jedi (1983),4.0
u034,Terminator 2: Judgment Day (1991),4.5
u034,True Lies (1994),4.0
u035,2001: A Space Odyssey (1968),5.0
u035,"Amelie (Fabuleux destin d'Amélie Poulain, Le) (2001)",5.0
u035,Blade Runner (1982),4.5
u035,Braveheart (1995),4.0
u035,"Clockwork Orange, A (1971)",4.0
u035,"Dark Knight, The (2008)",5.0
u035,Forrest Gump (1994),4.5
u035,Full Metal Jacket (1987),5.0
u035,Gladiator (2000),5.0
u035,Inception (2010),5.0
u035,"Lord of the Rings: The Fellowship of the Ring, The (2001)",4.0
u035,"Lord of the Rings: The Return of the King, The (2003)",4.5
u035,Memento (2000),4.5
u035,Saving Private Ryan (1998),5.0
u035,"Shawshank Redemption, The (1994)",5.0
u035,"Shining, The (1980)",5.0
u035,"Sixth Sense, The (1999)",4.0
u035,"Truman Show, The (1998)",5.0
u036,Aliens (1986),4.0
u036,Apocalypse Now (1979),5.0
u036,Apollo 13 (1995),5.0
u036,Babe (1995),4.0
u036,Casablanca (1942),4.0
u036,Dances with Wolves (1990),4.0
u036,Fargo (1996),5.0
u036,Forrest Gump (1994),5.0
u036,"Fugitive, The (1993)",4.0
u036,"Godfather, The (1972)",4.0
u036,Monty Python and the Holy Grail (1975),4.0
u036,One Flew Over the Cuckoo's Nest (1975),4.0
u036,"Princess Bride, The (1987)",4.0
u036,Pulp Fiction (1994),4.0
u036,Raiders of the Lost Ark (Indiana Jones and the Raiders of the Lost Ark) (1981),4.0
u036,Schindler's List (1993),5.0
u036,"Shawshank Redemption, The (1994)",5.0
u036,"Shining, The (1980)",4.0
u036,"Silence of the Lambs, The (1991)",5.0
u036,Speed (1994),4.0
u036,Star Wars: Episode IV - A New Hope (1977),4.0
u036,Star Wars: Episode V - The Empire Strikes Back (1980),4.0
u036,Star Wars: Episode VI - Return of the Jedi (1983),4.0
u036,"Usual Suspects, The (1995)",4.0
u036,Willy Wonka & the Chocolate Factory (1971),4.0
u037,Aladdin (1992),4.0
u037,American Beauty (1999),4.0
u037,Batman Begins (2005),4.0
u037,Beauty and the Beast (1991),4.0
u037,"Bourne Identity, The (2002)",4.5
u037,Dances with Wolves (1990),4.0
u037,"Dark Knight, The (2008)",4.5
u037,E.T. the Extra-Terrestrial (1982),4.0
u037,Eternal Sunshine of the Spotless Mind (2004),4.5
u037,Finding Nemo (2003),4.5
u037,Forrest Gump (1994),4.0
u037,"Fugitive, The (1993)",4.0
u037,Gladiator (2000),4.0
u037,Groundhog Day (1993),4.0
u037,Inception (2010),4.0
u037,"Lord of the Rings: The Fellowship of the Ring, The (2001)",4.0
u037,"Lord of the Rings: The Return of the King, The (2003)",4.0
u037,"Lord of the Rings: The Two Towers, The (2002)",4.0
u037,"Matrix, The (1999)",4.5
u037,Memento (2000),4.5
u037,Mission: Impossible (1996),4.5
u037,"Monsters, Inc. (2001)",4.0
u037,Ocean's Eleven (2001),4.5
u037,Pirates of the Caribbean: The Curse of the Black Pearl (2003),4.0
u037,"Shawshank Redemption, The (1994)",4.5
u037,Shrek (2001),4.0
u037,"Sixth Sense, The (1999)",4.0
u037,Star Wars: Episode IV - A New Hope (1977),4.5
u037,Star Wars: Episode V - The Empire Strikes Back (1980),4.0
u037,Star Wars: Episode VI - Return of the Jedi (1983),4.0
u037,Toy Story (1995),4.0
u038,"Beautiful Mind, A (2001)",4.5
u038,"Bourne Identity, The (2002)",4.5
u038,Catch Me If You Can (2002),4.0
u038,"Dark Knight, The (2008)",5.0
u038,"Departed, The (2006)",4.0
u038,Donnie Darko (2001),4.5
u038,Inception (2010),4.5
u038,Kill Bill: Vol. 1 (2003),4.5
u038,"Lord of the Rings: The Fellowship of the Ring, The (2001)",5.0
u038,"Lord of the Rings: The Return of the King, The (2003)",5.0
u038,"Lord of the Rings: The Two Towers, The (2002)",5.0
u038,Memento (2000),4.0
u038,Ocean's Eleven (2001),4.5
u038,One Flew Over the Cuckoo's Nest (1975),5.0
u038,Schindler's List (1993),4.0
u038,"Shawshank Redemption, The (1994)",5.0
u038,"Usual Suspects, The (1995)",5.0
u039,Aladdin (1992),4.0
u039,Apollo 13 (1995),5.0
u039,Babe (1995),5.0
u039,Braveheart (1995),5.0
u039,Dances with Wolves (1990),5.0
u039,E.T. the Extra-Terrestrial (1982),5.0
u039,Forrest Gump (1994),5.0
u039,Good Will Hunting (1997),5.0
u039,Groundhog Day (1993),5.0
u039,Jurassic Park (1993),5.0
u039,Men in Black (a.k.a. MIB) (1997),5.0
u039,Mission: Impossible (1996),4.0
u039,Saving Private Ryan (1998),5.0
u039,Schindler's List (1993),5.0
u039,"Shawshank Redemption, The (1994)",4.0
u039,"Silence of the Lambs, The (1991)",5.0
u039,Star Wars: Episode IV - A New Hope (1977),5.0
u039,True Lies (1994),5.0
u040,2001: A Space Odyssey (1968),5.0
u040,Alien (1979),4.0
u040,Aliens (1986),4.5
u040,"Amelie (Fabuleux destin d'Amélie Poulain, Le) (2001)",5.0
u040,Apocalypse Now (1979),5.0
u040,Babe (1995),4.0
u040,Back to the Future (1985),5.0
u040,Blade Runner (1982),5.0
u040,"Bourne Identity, The (2002)",5.0
u040,"Clockwork Orange, A (1971)",5.0
u040,Die Hard (1988),5.0
u040,Donnie Darko (2001),4.0
u040,Eternal Sunshine of the Spotless Mind (2004),5.0
u040,Fargo (1996),4.5
u040,"Godfather: Part II, The (1974)",5.0
u040,L.A. Confidential (1997),4.0
u040,"Lord of the Rings: The Two Towers, The (2002)",4.5
u040,Léon: The Professional (a.k.a. The Professional) (Léon) (1994),4.5
u040,"Matrix, The (1999)",5.0
u040,Raiders of the Lost Ark (Indiana Jones and the Raiders of the Lost Ark) (1981),5.0
u040,Reservoir Dogs (1992),5.0
u040,Saving Private Ryan (1998),5.0
u040,Star Wars: Episode IV - A New Hope (1977),5.0
u040,Star Wars: Episode V - The Empire Strikes Back (1980),5.0
u040,Star Wars: Episode VI - Return of the Jedi (1983),4.5
u040,Terminator 2: Judgment Day (1991),4.0
u040,"Terminator, The (1984)",5.0
u040,Twelve Monkeys (a.k.a. 12 Monkeys) (1995),4.0
u041,Alien (1979),5.0
u041,Aliens (1986),5.0
u041,American Beauty (1999),5.0
u041,Apollo 13 (1995),5.0
u041,Babe (1995),5.0
u041,Braveheart (1995),5.0
u041,E.T. the Extra-Terrestrial (1982),4.0
u041,Gladiator (2000),4.0
u041,"Godfather, The (1972)",4.0
u041,"Godfather: Part II, The (1974)",4.0
u041,Indiana Jones and the Last Crusade (1989),4.0
u041,Jurassic Park (1993),5.0
u041,L.A. Confidential (1997),5.0
u041,"Matrix, The (1999)",4.0
u041,Pulp Fiction (1994),5.0
u041,Raiders of the Lost Ark (Indiana Jones and the Raiders of the Lost Ark) (1981),5.0
u041,Reservoir Dogs (1992),5.0
u041,Saving Private Ryan (1998),4.0
u041,Schindler's List (1993),5.0
u041,Speed (1994),5.0
u041,Star Wars: Episode IV - A New Hope (1977),5.0
u041,Star Wars: Episode VI - Return of the Jedi (1983),5.0
u041,Terminator 2: Judgment Day (1991),5.0
u041,Toy Story (1995),5.0
u041,"Usual Suspects, The (1995)",5.0
u042,Alien (1979),4.5
u042,"Beautiful Mind, A (2001)",4.0
u042,Die Hard (1988),5.0
u042,Fargo (1996),4.0
u042,Forrest Gump (1994),5.0
u042,Good Will Hunting (1997),4.0
u042,Inception (2010),4.0
u042,"Incredibles, The (2004)",5.0
u042,Memento (2000),4.0
u042,One Flew Over the Cuckoo's Nest (1975),4.5
u042,"Princess Bride, The (1987)",5.0
u042,"Shining, The (1980)",5.0
u042,Shrek (2001),5.0
u042,"Silence of the Lambs, The (1991)",4.5
u042,Toy Story (1995),4.5
u043,Aladdin (1992),4.0
u043,"Amelie (Fabuleux destin d'Amélie Poulain, Le) (2001)",5.0
u043,Beauty and the Beast (1991),5.0
u043,Fargo (1996),4.0
u043,Finding Nemo (2003),4.0
u043,Forrest Gump (1994),4.0
u043,Groundhog Day (1993),4.0
u043,"Incredibles, The (2004)",4.0
u043,Independence Day (a.k.a. ID4) (1996),4.0
u043,"Lion King, The (1994)",4.0
u043,"Lord of the Rings: The Two Towers, The (2002)",4.0
u043,Léon: The Professional (a.k.a. The Professional) (Léon) (1994),4.0
u043,Memento (2000),4.0
u043,"Monsters, Inc. (2001)",4.0
u043,Monty Python and the Holy Grail (1975),4.5
u043,Schindler's List (1993),4.5
u043,Shrek (2001),4.5
u044,Aladdin (1992),4.5
u044,American Beauty (1999),4.0
u044,"Beautiful Mind, A (2001)",4.0
u044,Catch Me If You Can (2002),4.0
u044,"Dark Knight, The (2008)",4.0
u044,"Departed, The (2006)",4.5
u044,Donnie Darko (2001),4.0
u044,Fight Club (1999),5.0
u044,Finding Nemo (2003),4.0
u044,Forrest Gump (1994),5.0
u044,Good Will Hunting (1997),4.0
u044,Inception (2010),4.5
u044,Ocean's Eleven (2001),4.5
u044,"Shawshank Redemption, The (1994)",4.5
u044,"Truman Show, The (1998)",4.0
u045,Apollo 13 (1995),4.0
u045,Back to the Future (1985),4.0
u045,"Dark Knight, The (2008)",5.0
u045,"Green Mile, The (1999)",5.0
u045,Inception (2010),4.5
u045,Independence Day (a.k.a. ID4) (1996),5.0
u045,Jurassic Park (1993),5.0
u045,"Lord of the Rings: The Fellowship of the Ring, The (2001)",5.0
u045,"Lord of the Rings: The Return of the King, The (2003)",5.0
u045,"Lord of the Rings: The Two Towers, The (2002)",5.0
u045,"Matrix, The (1999)",5.0
u045,Raiders of the Lost Ark (Indiana Jones and the Raiders of the Lost Ark) (1981),5.0
u045,Saving Private Ryan (1998),5.0
u045,Seven (a.k.a. Se7en) (1995),5.0
u045,"Silence of the Lambs, The (1991)",4.0
u045,Star Wars: Episode IV - A New Hope (1977),5.0
u045,Star Wars: Episode V - The Empire Strikes Back (1980),5.0
u045,Star Wars: Episode VI - Return of the Jedi (1983),5.0
u045,Twelve Monkeys (a.k.a. 12 Monkeys) (1995),5.0
u045,"Usual Suspects, The (1995)",5.0
u046,Aladdin (1992),4.0
u046,Aliens (1986),5.0
u046,Apocalypse Now (1979),5.0
u046,Beauty and the Beast (1991),4.0
u046,"Fugitive, The (1993)",4.0
u046,Full Metal Jacket (1987),5.0
u046,Gladiator (2000),5.0
u046,Jurassic Park (1993),5.0
u046,L.A. Confidential (1997),4.0
u046,"Lion King, The (1994)",4.0
u046,Men in Black (a.k.a. MIB) (1997),4.0
u046,Pulp Fiction (1994),5.0
u046,Raiders of the Lost Ark (Indiana Jones and the Raiders of the Lost Ark) (1981),4.0
u046,Saving Private Ryan (1998),5.0
u046,"Silence of the Lambs, The (1991)",5.0
u046,Star Wars: Episode IV - A New Hope (1977),5.0
u046,Star Wars: Episode V - The Empire Strikes Back (1980),5.0
u046,Terminator 2: Judgment Day (1991),5.0
u046,"Terminator, The (1984)",5.0
u046,"Truman Show, The (1998)",4.0
u046,Twelve Monkeys (a.k.a. 12 Monkeys) (1995),5.0
u047,Aladdin (1992),4.0
u047,Apollo 13 (1995),4.0
u047,Beauty and the Beast (1991),4.0
u047,Braveheart (1995),5.0
u047,Dances with Wolves (1990),4.0
u047,Forrest Gump (1994),4.0
u047,"Fugitive, The (1993)",4.0
u047,Jurassic Park (1993),4.0
u047,"Lion King, The (1994)",4.0
u047,Pulp Fiction (1994),4.0
u047,Schindler's List (1993),5.0
u047,Seven (a.k.a. Se7en) (1995),4.0
u047,"Shawshank Redemption, The (1994)",5.0
u047,"Silence of the Lambs, The (1991)",5.0
u047,Terminator 2: Judgment Day (1991),4.0
u047,True Lies (1994),4.0
u047,"Usual Suspects, The (1995)",4.0
u048,American History X (1998),4.0
u048,Back to the Future (1985),4.0
u048,"Beautiful Mind, A (2001)",5.0
u048,"Bourne Identity, The (2002)",4.0
u048,Catch Me If You Can (2002),4.5
u048,"Dark Knight, The (2008)",4.5
u048,"Departed, The (2006)",4.0
u048,Finding Nemo (2003),4.0
u048,Forrest Gump (1994),4.0
u048,Gladiator (2000),5.0
u048,"Green Mile, The (1999)",5.0
u048,Inception (2010),4.0
u048,"Incredibles, The (2004)",4.0
u048,"Lion King, The (1994)",5.0
u048,"Lord of the Rings: The Fellowship of the Ring, The (2001)",5.0
u048,"Lord of the Rings: The Return of the King, The (2003)",5.0
u048,"Lord of the Rings: The Two Towers, The (2002)",4.5
u048,Léon: The Professional (a.k.a. The Professional) (Léon) (1994),5.0
u048,"Matrix, The (1999)",4.0
u048,Men in Black (a.k.a. MIB) (1997),4.0
u048,"Monsters, Inc. (2001)",4.5
u048,Ocean's Eleven (2001),5.0
u048,Pirates of the Caribbean: The Curse of the Black Pearl (2003),4.0
u048,Pulp Fiction (1994),4.0
u048,"Shawshank Redemption, The (1994)",4.5
u048,Shrek (2001),4.0
u048,WALL·E (2008),4.0
u049,Alien (1979),5.0
u049,Aliens (1986),5.0
u049,Apocalypse Now (1979),5.0
u049,Back to the Future (1985),5.0
u049,Catch Me If You Can (2002),4.5
u049,"Dark Knight, The (2008)",4.0
u049,"Departed, The (2006)",5.0
u049,Fargo (1996),5.0
u049,Fight Club (1999),5.0
u049,Finding Nemo (2003),4.5
u049,Forrest Gump (1994),5.0
u049,Full Metal Jacket (1987),5.0
u049,"Godfather, The (1972)",5.0
u049,Goodfellas (1990),5.0
u049,Groundhog Day (1993),5.0
u049,Inception (2010),4.5
u049,Independence Day (a.k.a. ID4) (1996),4.0
u049,Jurassic Park (1993),4.0
u049,"Matrix, The (1999)",5.0
u049,"Monsters, Inc. (2001)",5.0
u049,Monty Python and the Holy Grail (1975),5.0
u049,Ocean's Eleven (2001),4.0
u049,Office Space (1999),5.0
u049,"Princess Bride, The (1987)",5.0
u049,Pulp Fiction (1994),5.0
u049,Reservoir Dogs (1992),5.0
u049,Seven (a.k.a. Se7en) (1995),4.5
u049,"Shawshank Redemption, The (1994)",5.0
u049,"Silence of the Lambs, The (1991)",5.0
u049,"Sixth Sense, The (1999)",5.0
u049,Star Wars: Episode IV - A New Hope (1977),5.0
u049,Star Wars: Episode V - The Empire Strikes Back (1980),5.0
u049,Star Wars: Episode VI - Return of the Jedi (1983),5.0
u049,Taxi Driver (1976),5.0
u049,Terminator 2: Judgment Day (1991),5.0
u049,Trainspotting (1996),5.0
u049,"Truman Show, The (1998)",5.0
u049,Twelve Monkeys (a.k.a. 12 Monkeys) (1995),5.0
u049,"Usual Suspects, The (1995)",5.0
u049,WALL·E (2008),5.0
u049,Willy Wonka & the Chocolate Factory (1971),5.0
u050,American Beauty (1999),5.0
u050,American History X (1998),4.5
u050,"Beautiful Mind, A (2001)",4.0
u050,Eternal Sunshine of the Spotless Mind (2004),5.0
u050,Fargo (1996),5.0
u050,Finding Nemo (2003),5.0
u050,Forrest Gump (1994),5.0
u050,"Green Mile, The (1999)",4.5
u050,L.A. Confidential (1997),4.0
u050,Memento (2000),4.5
u050,Pulp Fiction (1994),4.5
u050,"Shawshank Redemption, The (1994)",4.5
u050,"Silence of the Lambs, The (1991)",4.0
u050,Star Wars: Episode IV - A New Hope (1977),4.0
u050,Star Wars: Episode V - The Empire Strikes Back (1980),4.5
u050,Star Wars: Episode VI - Return of the Jedi (1983),4.5
u050,Toy Story (1995),4.0
u050,"Usual Suspects, The (1995)",4.5
u051,American Beauty (1999),5.0
u051,Back to the Future (1985),5.0
u051,Batman Begins (2005),4.0
u051,"Beautiful Mind, A (2001)",4.0
u051,Braveheart (1995),4.5
u051,"Clockwork Orange, A (1971)",4.5
u051,"Dark Knight, The (2008)",4.0
u051,"Departed, The (2006)",4.0
u051,Donnie Darko (2001),4.5
u051,Eternal Sunshine of the Spotless Mind (2004),4.5
u051,Fight Club (1999),5.0
u051,Forrest Gump (1994),5.0
u051,"Godfather, The (1972)",4.5
u051,"Godfather: Part II, The (1974)",4.5
u051,"Green Mile, The (1999)",4.0
u051,Groundhog Day (1993),4.5
u051,Inception (2010),4.0
u051,Kill Bill: Vol. 1 (2003),4.5
u051,"Matrix, The (1999)",5.0
u051,Memento (2000),4.0
u051,Men in Black (a.k.a. MIB) (1997),4.0
u051,One Flew Over the Cuckoo's Nest (1975),5.0
u051,Pirates of the Caribbean: The Curse of the Black Pearl (2003),4.0
u051,Pulp Fiction (1994),4.5
u051,"Shawshank Redemption, The (1994)",4.0
u051,"Silence of the Lambs, The (1991)",4.0
u051,Star Wars: Episode VI - Return of the Jedi (1983),4.0
u051,Terminator 2: Judgment Day (1991),4.0
u051,"Terminator, The (1984)",4.0
u051,WALL·E (2008),4.0
u052,American Beauty (1999),4.5
u052,Batman Begins (2005),4.5
u052,"Bourne Identity, The (2002)",4.0
u052,Braveheart (1995),4.0
u052,Fight Club (1999),4.0
u052,Full Metal Jacket (1987),4.0
u052,Gladiator (2000),4.5
u052,Kill Bill: Vol. 1 (2003),4.5
u052,"Lord of the Rings: The Fellowship of the Ring, The (2001)",4.5
u052,"Lord of the Rings: The Return of the King, The (2003)",4.5
u052,"Lord of the Rings: The Two Towers, The (2002)",4.5
u052,"Matrix, The (1999)",4.5
u052,Mission: Impossible (1996),4.0
u052,"Monsters, Inc. (2001)",4.0
u052,Ocean's Eleven (2001),4.0
u052,Pirates of the Caribbean: The Curse of the Black Pearl (2003),4.0
u052,"Princess Bride, The (1987)",5.0
u052,Saving Private Ryan (1998),4.5
u052,Star Wars: Episode IV - A New Hope (1977),4.0
u052,Star Wars: Episode V - The Empire Strikes Back (1980),4.0
u052,Star Wars: Episode VI - Return of the Jedi (1983),4.0
u052,Willy Wonka & the Chocolate Factory (1971),4.0
u053,Alien (1979),4.5
u053,Blade Runner (1982),4.0
u053,"Dark Knight, The (2008)",4.0
u053,Fargo (1996),4.0
u053,"Godfather, The (1972)",4.0
u053,"Godfather: Part II, The (1974)",4.0
u053,Goodfellas (1990),4.0
u053,Inception (2010),4.0
u053,L.A. Confidential (1997),4.0
u053,Léon: The Professional (a.k.a. The Professional) (Léon) (1994),4.0
u053,Memento (2000),4.0
u053,Pulp Fiction (1994),4.0
u053,Reservoir Dogs (1992),4.0
u053,Seven (a.k.a. Se7en) (1995),4.0
u053,"Shawshank Redemption, The (1994)",4.0
u053,"Silence of the Lambs, The (1991)",4.0
u053,Taxi Driver (1976),4.0
u053,Trainspotting (1996),4.0
u053,"Usual Suspects, The (1995)",4.0
u054,"Amelie (Fabuleux destin d'Amélie Poulain, Le) (2001)",4.0
u054,American Beauty (1999),4.5
u054,American History X (1998),4.0
u054,Beauty and the Beast (1991),4.5
u054,Eternal Sunshine of the Spotless Mind (2004),4.0
u054,Fight Club (1999),4.0
u054,Forrest Gump (1994),4.0
u054,Kill Bill: Vol. 1 (2003),4.5
u054,"Lion King, The (1994)",4.5
u054,"Lord of the Rings: The Fellowship of the Ring, The (2001)",4.5
u054,"Lord of the Rings: The Return of the King, The (2003)",4.0
u054,Léon: The Professional (a.k.a. The Professional) (Léon) (1994),4.0
u054,"Matrix, The (1999)",4.5
u054,Memento (2000),4.0
u054,Pulp Fiction (1994),4.0
u054,Seven (a.k.a. Se7en) (1995),4.0
u054,"Shawshank Redemption, The (1994)",4.5
u054,"Shining, The (1980)",4.0
u054,"Usual Suspects, The (1995)",4.0
u055,Alien (1979),4.0
u055,Aliens (1986),5.0
u055,American Beauty (1999),4.0
u055,Braveheart (1995),4.0
u055,Casablanca (1942),4.0
u055,"Clockwork Orange, A (1971)",5.0
u055,Die Hard (1988),5.0
u055,E.T. the Extra-Terrestrial (1982),4.0
u055,Fargo (1996),4.0
u055,Fight Club (1999),5.0
u055,"Fugitive, The (1993)",4.0
u055,"Godfather, The (1972)",4.0
u055,Goodfellas (1990),4.0
u055,Groundhog Day (1993),5.0
u055,Indiana Jones and the Last Crusade (1989),4.0
u055,Jurassic Park (1993),5.0
u055,"Lord of the Rings: The Fellowship of the Ring, The (2001)",5.0
u055,Léon: The Professional (a.k.a. The Professional) (Léon) (1994),4.0
u055,"Matrix, The (1999)",5.0
u055,Memento (2000),5.0
u055,Men in Black (a.k.a. MIB) (1997),4.0
u055,Mission: Impossible (1996),4.0
u055,Monty Python and the Holy Grail (1975),5.0
u055,Office Space (1999),4.0
u055,"Princess Bride, The (1987)",5.0
u055,Pulp Fiction (1994),4.0
u055,Raiders of the Lost Ark (Indiana Jones and the Raiders of the Lost Ark) (1981),4.0
u055,Saving Private Ryan (1998),4.0
u055,Schindler's List (1993),5.0
u055,Seven (a.k.a. Se7en) (1995),5.0
u055,"Shawshank Redemption, The (1994)",5.0
u055,Shrek (2001),4.0
u055,"Silence of the Lambs, The (1991)",5.0
u055,Speed (1994),4.0
u055,Star Wars: Episode IV - A New Hope (1977),4.0
u055,Star Wars: Episode V - The Empire Strikes Back (1980),4.0
u055,Star Wars: Episode VI - Return of the Jedi (1983),4.0
u055,Terminator 2: Judgment Day (1991),4.0
u055,"Terminator, The (1984)",5.0
u055,Toy Story (1995),4.0
u055,"Truman Show, The (1998)",4.0
u055,Twelve Monkeys (a.k.a. 12 Monkeys) (1995),5.0
u055,Willy Wonka & the Chocolate Factory (1971),5.0
u056,2001: A Space Odyssey (1968),4.0
u056,Aladdin (1992),4.0
u056,Alien (1979),5.0
u056,Aliens (1986),4.0
u056,Apocalypse Now (1979),5.0
u056,"Beautiful Mind, A (2001)",4.0
u056,Blade Runner (1982),5.0
u056,Braveheart (1995),4.0
u056,Casablanca (1942),5.0
u056,Dr. Strangelove or: How I Learned to Stop Worrying and Love the Bomb (1964),5.0
u056,Fargo (1996),4.5
u056,Finding Nemo (2003),4.0
u056,"Godfather, The (1972)",5.0
u056,"Godfather: Part II, The (1974)",5.0
u056,"Lord of the Rings: The Fellowship of the Ring, The (2001)",5.0
u056,"Lord of the Rings: The Return of the King, The (2003)",5.0
u056,"Lord of the Rings: The Two Towers, The (2002)",4.5
u056,"Matrix, The (1999)",4.0
u056,Monty Python and the Holy Grail (1975),5.0
u056,One Flew Over the Cuckoo's Nest (1975),4.0
u056,Raiders of the Lost Ark (Indiana Jones and the Raiders of the Lost Ark) (1981),4.5
u056,Saving Private Ryan (1998),4.0
u056,Shrek (2001),4.0
u056,"Silence of the Lambs, The (1991)",4.0
u056,"Sixth Sense, The (1999)",4.5
u056,Star Wars: Episode IV - A New Hope (1977),4.0
u056,Star Wars: Episode V - The Empire Strikes Back (1980),4.0
u056,Taxi Driver (1976),5.0
u056,Toy Story (1995),4.0
u057,2001: A Space Odyssey (1968),4.0
u057,Alien (1979),4.0
u057,Aliens (1986),4.5
u057,American Beauty (1999),4.0
u057,Apollo 13 (1995),5.0
u057,Babe (1995),4.0
u057,"Beautiful Mind, A (2001)",5.0
u057,Beauty and the Beast (1991),5.0
u057,"Bourne Identity, The (2002)",4.0
u057,Braveheart (1995),4.0
u057,Casablanca (1942),4.0
u057,Catch Me If You Can (2002),4.0
u057,Dances with Wolves (1990),5.0
u057,Die Hard (1988),4.0
u057,E.T. the Extra-Terrestrial (1982),4.0
u057,Fargo (1996),5.0
u057,Finding Nemo (2003),4.0
u057,Forrest Gump (1994),4.0
u057,"Fugitive, The (1993)",4.0
u057,Gladiator (2000),4.0
u057,"Godfather, The (1972)",5.0
u057,Good Will Hunting (1997),4.0
u057,"Incredibles, The (2004)",4.5
u057,Independence Day (a.k.a. ID4) (1996),4.0
u057,Jurassic Park (1993),4.0
u057,L.A. Confidential (1997),4.0
u057,"Lion King, The (1994)",4.0
u057,"Lord of the Rings: The Return of the King, The (2003)",5.0
u057,"Lord of the Rings: The Two Towers, The (2002)",4.0
u057,Léon: The Professional (a.k.a. The Professional) (Léon) (1994),5.0
u057,"Matrix, The (1999)",4.0
u057,Mission: Impossible (1996),4.0
u057,"Monsters, Inc. (2001)",4.0
u057,Pulp Fiction (1994),4.0
u057,Raiders of the Lost Ark (Indiana Jones and the Raiders of the Lost Ark) (1981),4.0
u057,Saving Private Ryan (1998),5.0
u057,Schindler's List (1993),5.0
u057,Seven (a.k.a. Se7en) (1995),4.0
u057,"Shawshank Redemption, The (1994)",4.0
u057,"Silence of the Lambs, The (1991)",4.0
u057,Speed (1994),4.0
u057,Star Wars: Episode IV - A New Hope (1977),4.0
u057,True Lies (1994),4.0
u057,"Truman Show, The (1998)",4.0
u057,Willy Wonka & the Chocolate Factory (1971),4.0
u058,Aladdin (1992),4.0
u058,"Dark Knight, The (2008)",5.0
u058,Fight Club (1999),5.0
u058,Finding Nemo (2003),4.5
u058,Forrest Gump (1994),4.0
u058,Gladiator (2000),5.0
u058,"Incredibles, The (2004)",4.5
u058,"Lion King, The (1994)",4.0
u058,"Lord of the Rings: The Fellowship of the Ring, The (2001)",4.0
u058,"Lord of the Rings: The Return of the King, The (2003)",4.0
u058,"Monsters, Inc. (2001)",4.0
u058,Ocean's Eleven (2001),4.0
u058,Office Space (1999),4.0
u058,Pirates of the Caribbean: The Curse of the Black Pearl (2003),4.0
u058,Pulp Fiction (1994),4.0
u058,Saving Private Ryan (1998),4.0
u058,"Shawshank Redemption, The (1994)",4.0
u058,Shrek (2001),4.0
u058,Star Wars: Episode IV - A New Hope (1977),4.0
u058,Star Wars: Episode VI - Return of the Jedi (1983),4.5
u058,Toy Story (1995),4.0
u058,WALL·E (2008),5.0
u059,Aladdin (1992),5.0
u059,Apollo 13 (1995),5.0
u059,Babe (1995),4.0
u059,Beauty and the Beast (1991),4.0
u059,Dances with Wolves (1990),4.0
u059,Forrest Gump (1994),4.0
u059,"Fugitive, The (1993)",4.0
u059,"Lion King, The (1994)",4.0
u059,Pulp Fiction (1994),5.0
u059,Schindler's List (1993),5.0
u059,Seven (a.k.a. Se7en) (1995),4.0
u059,"Silence of the Lambs, The (1991)",5.0
u059,Speed (1994),4.0
u059,True Lies (1994),4.0
u059,"Usual Suspects, The (1995)",5.0
u060,Aladdin (1992),4.5
u060,"Amelie (Fabuleux destin d'Amélie Poulain, Le) (2001)",4.0
u060,American Beauty (1999),4.0
u060,American History X (1998),5.0
u060,Braveheart (1995),4.5
u060,Dances with Wolves (1990),5.0
u060,Fight Club (1999),4.0
u060,Finding Nemo (2003),5.0
u060,Forrest Gump (1994),4.0
u060,Gladiator (2000),4.0
u060,"Green Mile, The (1999)",4.0
u060,Indiana Jones and the Last Crusade (1989),4.0
u060,"Lion King, The (1994)",4.5
u060,"Lord of the Rings: The Fellowship of the Ring, The (2001)",4.5
u060,"Lord of the Rings: The Return of the King, The (2003)",4.5
u060,"Lord of the Rings: The Two Towers, The (2002)",4.5
u060,"Matrix, The (1999)",4.0
u060,Memento (2000),5.0
u060,One Flew Over the Cuckoo's Nest (1975),4.0
u060,Pirates of the Caribbean: The Curse of the Black Pearl (2003),5.0
u060,Pulp Fiction (1994),4.0
u060,Seven (a.k.a. Se7en) (1995),4.5
u060,Shrek (2001),5.0
u060,"Silence of the Lambs, The (1991)",4.5
u060,"Sixth Sense, The (1999)",4.0
u060,Trainspotting (1996),4.0
u060,Twelve Monkeys (a.k.a. 12 Monkeys) (1995),4.0
u061,American Beauty (1999),4.0
u061,American History X (1998),5.0
u061,Blade Runner (1982),4.0
u061,"Dark Knight, The (2008)",4.0
u061,Dr. Strangelove or: How I Learned to Stop Worrying and Love the Bomb (1964),5.0
u061,Eternal Sunshine of the Spotless Mind (2004),5.0
u061,Fargo (1996),4.0
u061,Fight Club (1999),5.0
u061,"Godfather, The (1972)",5.0
u061,"Godfather: Part II, The (1974)",4.0
u061,Goodfellas (1990),4.0
u061,"Matrix, The (1999)",4.0
u061,One Flew Over the Cuckoo's Nest (1975),4.5
u061,Pulp Fiction (1994),4.5
u061,Schindler's List (1993),4.5
u061,Seven (a.k.a. Se7en) (1995),5.0
u061,"Silence of the Lambs, The (1991)",4.5
u061,Taxi Driver (1976),5.0
u061,"Usual Suspects, The (1995)",4.5
u062,2001: A Space Odyssey (1968),4.5
u062,"Amelie (Fabuleux destin d'Amélie Poulain, Le) (2001)",4.0
u062,American Beauty (1999),4.5
u062,Apocalypse Now (1979),4.0
u062,Apollo 13 (1995),4.0
u062,Babe (1995),4.0
u062,Blade Runner (1982),4.0
u062,Casablanca (1942),5.0
u062,"Clockwork Orange, A (1971)",5.0
u062,Dr. Strangelove or: How I Learned to Stop Worrying and Love the Bomb (1964),5.0
u062,Fargo (1996),5.0
u062,Finding Nemo (2003),4.0
u062,Full Metal Jacket (1987),4.5
u062,"Godfather, The (1972)",5.0
u062,"Godfather: Part II, The (1974)",4.0
u062,Good Will Hunting (1997),4.0
u062,Goodfellas (1990),4.0
u062,Groundhog Day (1993),5.0
u062,L.A. Confidential (1997),5.0
u062,Memento (2000),4.5
u062,Monty Python and the Holy Grail (1975),5.0
u062,One Flew Over the Cuckoo's Nest (1975),4.0
u062,Pirates of the Caribbean: The Curse of the Black Pearl (2003),4.0
u062,Pulp Fiction (1994),5.0
u062,Raiders of the Lost Ark (Indiana Jones and the Raiders of the Lost Ark) (1981),4.0
u062,Reservoir Dogs (1992),4.0
u062,"Shawshank Redemption, The (1994)",4.5
u062,"Silence of the Lambs, The (1991)",4.0
u062,Taxi Driver (1976),4.0
u062,Toy Story (1995),4.0
u062,Trainspotting (1996),4.0
u062,"Usual Suspects, The (1995)",4.0
u063,2001: A Space Odyssey (1968),5.0
u063,American Beauty (1999),5.0
u063,Apocalypse Now (1979),5.0
u063,Apollo 13 (1995),5.0
u063,Babe (1995),5.0
u063,Back to the Future (1985),5.0
u063,Blade Runner (1982),5.0
u063,Braveheart (1995),4.0
u063,Fargo (1996),5.0
u063,Fight Club (1999),4.5
u063,Full Metal Jacket (1987),4.0
u063,Gladiator (2000),5.0
u063,"Godfather, The (1972)",5.0
u063,"Godfather: Part II, The (1974)",5.0
u063,Goodfellas (1990),4.0
u063,"Green Mile, The (1999)",4.0
u063,"Lion King, The (1994)",5.0
u063,"Lord of the Rings: The Return of the King, The (2003)",5.0
u063,"Matrix, The (1999)",4.0
u063,Pulp Fiction (1994),5.0
u063,Saving Private Ryan (1998),5.0
u063,Schindler's List (1993),5.0
u063,Seven (a.k.a. Se7en) (1995),5.0
u063,Shrek (2001),4.0
u063,"Sixth Sense, The (1999)",5.0
u063,Star Wars: Episode IV - A New Hope (1977),5.0
u063,Star Wars: Episode V - The Empire Strikes Back (1980),4.0
u063,Star Wars: Episode VI - Return of the Jedi (1983),5.0
u063,Taxi Driver (1976),5.0
u063,Terminator 2: Judgment Day (1991),5.0
u063,"Terminator, The (1984)",4.0
u063,Toy Story (1995),4.0
u063,Trainspotting (1996),5.0
u063,Twelve Monkeys (a.k.a. 12 Monkeys) (1995),5.0
u063,"Usual Suspects, The (1995)",4.0
u064,Apollo 13 (1995),4.0
u064,Batman Begins (2005),5.0
u064,"Bourne Identity, The (2002)",4.5
u064,"Incredibles, The (2004)",4.5
u064,Indiana Jones and the Last Crusade (1989),4.5
u064,"Lord of the Rings: The Fellowship of the Ring, The (2001)",5.0
u064,"Lord of the Rings: The Return of the King, The (2003)",4.5
u064,"Lord of the Rings: The Two Towers, The (2002)",4.5
u064,"Monsters, Inc. (2001)",4.5
u064,Monty Python and the Holy Grail (1975),4.0
u064,Ocean's Eleven (2001),4.5
u064,Office Space (1999),5.0
u064,Pirates of the Caribbean: The Curse of the Black Pearl (2003),4.5
u064,"Princess Bride, The (1987)",4.5
u064,Raiders of the Lost Ark (Indiana Jones and the Raiders of the Lost Ark) (1981),4.0
u064,"Shawshank Redemption, The (1994)",5.0
u064,Shrek (2001),4.5
u064,Star Wars: Episode IV - A New Hope (1977),4.0
u064,Star Wars: Episode V - The Empire Strikes Back (1980),4.5
u064,Star Wars: Episode VI - Return of the Jedi (1983),4.0
u064,Trainspotting (1996),4.5
u064,Willy Wonka & the Chocolate Factory (1971),4.5
u065,American Beauty (1999),5.0
u065,Apocalypse Now (1979),5.0
u065,Casablanca (1942),4.5
u065,Dr. Strangelove or: How I Learned to Stop Worrying and Love the Bomb (1964),5.0
u065,Fargo (1996),5.0
u065,Forrest Gump (1994),4.0
u065,Full Metal Jacket (1987),4.5
u065,"Godfather, The (1972)",5.0
u065,"Godfather: Part II, The (1974)",5.0
u065,Goodfellas (1990),5.0
u065,L.A. Confidential (1997),4.5
u065,One Flew Over the Cuckoo's Nest (1975),4.5
u065,Pulp Fiction (1994),4.5
u065,Reservoir Dogs (1992),5.0
u065,Taxi Driver (1976),4.5
u066,Aladdin (1992),5.0
u066,Apollo 13 (1995),4.5
u066,Babe (1995),4.0
u066,Back to the Future (1985),4.0
u066,"Beautiful Mind, A (2001)",4.5
u066,Beauty and the Beast (1991),5.0
u066,Catch Me If You Can (2002),5.0
u066,E.T. the Extra-Terrestrial (1982),4.0
u066,Finding Nemo (2003),5.0
u066,Forrest Gump (1994),4.5
u066,"Fugitive, The (1993)",4.0
u066,"Green Mile, The (1999)",4.5
u066,Groundhog Day (1993),4.0
u066,Jurassic Park (1993),4.0
u066,"Lion King, The (1994)",4.5
u066,"Lord of the Rings: The Fellowship of the Ring, The (2001)",4.5
u066,"Lord of the Rings: The Return of the King, The (2003)",5.0
u066,"Lord of the Rings: The Two Towers, The (2002)",4.5
u066,"Matrix, The (1999)",4.5
u066,"Monsters, Inc. (2001)",5.0
u066,Monty Python and the Holy Grail (1975),5.0
u066,Ocean's Eleven (2001),4.5
u066,Office Space (1999),5.0
u066,Pirates of the Caribbean: The Curse of the Black Pearl (2003),4.5
u066,"Princess Bride, The (1987)",4.0
u066,Saving Private Ryan (1998),5.0
u066,Schindler's List (1993),5.0
u066,"Shawshank Redemption, The (1994)",5.0
u066,Shrek (2001),5.0
u066,"Sixth Sense, The (1999)",4.0
u066,Speed (1994),4.5
u066,Toy Story (1995),4.5
u066,"Truman Show, The (1998)",5.0
u066,Willy Wonka & the Chocolate Factory (1971),5.0
u067,Alien (1979),5.0
u067,Apocalypse Now (1979),5.0
u067,Back to the Future (1985),5.0
u067,Blade Runner (1982),5.0
u067,Fargo (1996),5.0
u067,"Godfather, The (1972)",5.0
u067,Independence Day (a.k.a. ID4) (1996),4.0
u067,Indiana Jones and the Last Crusade (1989),5.0
u067,Monty Python and the Holy Grail (1975),5.0
u067,One Flew Over the Cuckoo's Nest (1975),5.0
u067,"Princess Bride, The (1987)",4.0
u067,Pulp Fiction (1994),5.0
u067,Raiders of the Lost Ark (Indiana Jones and the Raiders of the Lost Ark) (1981),5.0
u067,Reservoir Dogs (1992),5.0
u067,Seven (a.k.a. Se7en) (1995),5.0
u067,"Shawshank Redemption, The (1994)",5.0
u067,"Silence of the Lambs, The (1991)",5.0
u067,Star Wars: Episode IV - A New Hope (1977),4.0
u067,Star Wars: Episode V - The Empire Strikes Back (1980),4.0
u067,Star Wars: Episode VI - Return of the Jedi (1983),5.0
u067,Taxi Driver (1976),5.0
u067,Toy Story (1995),5.0
u067,True Lies (1994),5.0
u067,Twelve Monkeys (a.k.a. 12 Monkeys) (1995),5.0
u067,Willy Wonka & the Chocolate Factory (1971),5.0
u068,Aladdin (1992),4.0
u068,American Beauty (1999),4.0
u068,Apollo 13 (1995),4.0
u068,Back to the Future (1985),5.0
u068,Batman Begins (2005),4.0
u068,"Beautiful Mind, A (2001)",4.0
u068,Beauty and the Beast (1991),5.0
u068,Casablanca (1942),5.0
u068,Catch Me If You Can (2002),4.5
u068,"Dark Knight, The (2008)",5.0
u068,"Departed, The (2006)",4.0
u068,Die Hard (1988),4.0
u068,Dr. Strangelove or: How I Learned to Stop Worrying and Love the Bomb (1964),4.0
u068,Eternal Sunshine of the Spotless Mind (2004),4.0
u068,Fargo (1996),4.0
u068,Fight Club (1999),4.0
u068,Finding Nemo (2003),4.0
u068,Forrest Gump (1994),5.0
u068,"Godfather, The (1972)",5.0
u068,"Godfather: Part II, The (1974)",4.0
u068,Good Will Hunting (1997),5.0
u068,Goodfellas (1990),4.0
u068,Groundhog Day (1993),4.0
u068,Inception (2010),5.0
u068,"Incredibles, The (2004)",4.0
u068,"Lion King, The (1994)",4.0
u068,Mission: Impossible (1996),4.0
u068,"Monsters, Inc. (2001)",5.0
u068,Monty Python and the Holy Grail (1975),4.5
u068,Ocean's Eleven (2001),4.0
u068,One Flew Over the Cuckoo's Nest (1975),4.0
u068,Pirates of the Caribbean: The Curse of the Black Pearl (2003),5.0
u068,"Princess Bride, The (1987)",5.0
u068,Pulp Fiction (1994),5.0
u068,Reservoir Dogs (1992),4.0
u068,Schindler's List (1993),4.5
u068,Seven (a.k.a. Se7en) (1995),4.5
u068,"Shawshank Redemption, The (1994)",5.0
u068,"Shining, The (1980)",4.0
u068,Shrek (2001),4.0
u068,"Silence of the Lambs, The (1991)",5.0
u068,Toy Story (1995),5.0
u068,"Usual Suspects, The (1995)",4.0
u068,Willy Wonka & the Chocolate Factory (1971),5.0
u069,"Amelie (Fabuleux destin d'Amélie Poulain, Le) (2001)",5.0
u069,American Beauty (1999),5.0
u069,American History X (1998),5.0
u069,Back to the Future (1985),4.5
u069,Braveheart (1995),4.0
u069,Dances with Wolves (1990),4.5
u069,Eternal Sunshine of the Spotless Mind (2004),4.5
u069,Fargo (1996),4.5
u069,Fight Club (1999),4.5
u069,Forrest Gump (1994),4.5
u069,"Fugitive, The (1993)",5.0
u069,Goodfellas (1990),4.0
u069,Groundhog Day (1993),4.5
u069,"Incredibles, The (2004)",4.0
u069,"Lord of the Rings: The Fellowship of the Ring, The (2001)",4.0
u069,"Lord of the Rings: The Return of the King, The (2003)",4.5
u069,"Lord of the Rings: The Two Towers, The (2002)",4.0
u069,"Matrix, The (1999)",4.5
u069,Memento (2000),4.5
u069,One Flew Over the Cuckoo's Nest (1975),5.0
u069,Pulp Fiction (1994),4.5
u069,Raiders of the Lost Ark (Indiana Jones and the Raiders of the Lost Ark) (1981),4.0
u069,Saving Private Ryan (1998),5.0
u069,Schindler's List (1993),4.5
u069,Seven (a.k.a. Se7en) (1995),4.5
u069,"Shawshank Redemption, The (1994)",5.0
u069,"Silence of the Lambs, The (1991)",4.5
u069,Terminator 2: Judgment Day (1991),4.0
u069,"Terminator, The (1984)",4.5
u069,Toy Story (1995),4.0
u069,True Lies (1994),4.0
u069,"Usual Suspects, The (1995)",4.5
u070,Apollo 13 (1995),4.0
u070,Babe (1995),5.0
u070,Braveheart (1995),5.0
u070,Dances with Wolves (1990),4.0
u070,Fargo (1996),4.0
u070,Forrest Gump (1994),5.0
u070,"Fugitive, The (1993)",4.0
u070,Independence Day (a.k.a. ID4) (1996),5.0
u070,Jurassic Park (1993),4.0
u070,"Lion King, The (1994)",4.0
u070,Pulp Fiction (1994),4.0
u070,Seven (a.k.a. Se7en) (1995),4.0
u070,"Shawshank Redemption, The (1994)",5.0
u070,"Silence of the Lambs, The (1991)",4.0
u070,Speed (1994),5.0
u070,Terminator 2: Judgment Day (1991),5.0
u070,Toy Story (1995),4.0
u070,True Lies (1994),4.0
u070,Twelve Monkeys (a.k.a. 12 Monkeys) (1995),4.0
u071,2001: A Space Odyssey (1968),5.0
u071,Aladdin (1992),5.0
u071,Alien (1979),4.0
u071,Aliens (1986),5.0
u071,Beauty and the Beast (1991),5.0
u071,Blade Runner (1982),4.0
u071,Dr. Strangelove or: How I Learned to Stop Worrying and Love the Bomb (1964),4.0
u071,Gladiator (2000),4.0
u071,Groundhog Day (1993),5.0
u071,Independence Day (a.k.a. ID4) (1996),4.0
u071,Indiana Jones and the Last Crusade (1989),4.0
u071,Jurassic Park (1993),4.0
u071,"Lion King, The (1994)",4.0
u071,"Lord of the Rings: The Fellowship of the Ring, The (2001)",5.0
u071,Men in Black (a.k.a. MIB) (1997),4.0
u071,Mission: Impossible (1996),4.0
u071,Monty Python and the Holy Grail (1975),5.0
u071,One Flew Over the Cuckoo's Nest (1975),4.0
u071,"Princess Bride, The (1987)",4.0
u071,Raiders of the Lost Ark (Indiana Jones and the Raiders of the Lost Ark) (1981),5.0
u071,Shrek (2001),5.0
u071,"Silence of the Lambs, The (1991)",5.0
u071,Speed (1994),4.0
u071,Star Wars: Episode IV - A New Hope (1977),4.0
u071,Star Wars: Episode V - The Empire Strikes Back (1980),5.0
u071,Star Wars: Episode VI - Return of the Jedi (1983),5.0
u071,Terminator 2: Judgment Day (1991),5.0
u071,"Terminator, The (1984)",4.0
u071,Toy Story (1995),4.0
u071,True Lies (1994),4.0
u071,Willy Wonka & the Chocolate Factory (1971),5.0
u072,2001: A Space Odyssey (1968),4.0
u072,Alien (1979),4.0
u072,Aliens (1986),4.5
u072,American Beauty (1999),4.0
u072,Blade Runner (1982),4.5
u072,Casablanca (1942),4.0
u072,"Clockwork Orange, A (1971)",4.0
u072,Dr. Strangelove or: How I Learned to Stop Worrying and Love the Bomb (1964),4.5
u072,Eternal Sunshine of the Spotless Mind (2004),4.0
u072,Fargo (1996),4.5
u072,Full Metal Jacket (1987),4.5
u072,Groundhog Day (1993),4.5
u072,"Incredibles, The (2004)",4.0
u072,Kill Bill: Vol. 1 (2003),4.0
u072,L.A. Confidential (1997),4.0
u072,"Lord of the Rings: The Fellowship of the Ring, The (2001)",4.5
u072,"Lord of the Rings: The Return of the King, The (2003)",4.5
u072,"Lord of the Rings: The Two Towers, The (2002)",4.5
u072,"Matrix, The (1999)",4.0
u072,Memento (2000),4.0
u072,Monty Python and the Holy Grail (1975),4.0
u072,Office Space (1999),4.5
u072,Pulp Fiction (1994),4.5
u072,Reservoir Dogs (1992),4.5
u072,Schindler's List (1993),4.0
u072,Seven (a.k.a. Se7en) (1995),4.0
u072,"Shining, The (1980)",4.5
u072,"Silence of the Lambs, The (1991)",4.0
u072,Star Wars: Episode IV - A New Hope (1977),4.0
u072,Star Wars: Episode V - The Empire Strikes Back (1980),4.0
u072,Star Wars: Episode VI - Return of the Jedi (1983),4.0
u072,Taxi Driver (1976),4.5
u072,"Usual Suspects, The (1995)",4.5
u073,"Dark Knight, The (2008)",5.0
u073,"Departed, The (2006)",4.0
u073,Fight Club (1999),4.0
u073,Forrest Gump (1994),4.0
u073,Gladiator (2000),4.0
u073,Groundhog Day (1993),4.0
u073,Inception (2010),4.5
u073,"Lord of the Rings: The Fellowship of the Ring, The (2001)",4.0
u073,"Lord of the Rings: The Return of the King, The (2003)",4.0
u073,"Lord of the Rings: The Two Towers, The (2002)",4.0
u073,"Matrix, The (1999)",4.0
u073,Schindler's List (1993),4.5
u073,"Shawshank Redemption, The (1994)",4.0
u073,"Silence of the Lambs, The (1991)",4.0
u073,"Sixth Sense, The (1999)",4.0
u074,"Amelie (Fabuleux destin d'Amélie Poulain, Le) (2001)",5.0
u074,"Beautiful Mind, A (2001)",4.0
u074,Catch Me If You Can (2002),4.0
u074,Eternal Sunshine of the Spotless Mind (2004),5.0
u074,Fight Club (1999),4.0
u074,"Godfather, The (1972)",4.5
u074,"Godfather: Part II, The (1974)",4.0
u074,Good Will Hunting (1997),4.0
u074,Inception (2010),4.0
u074,"Incredibles, The (2004)",4.0
u074,Kill Bill: Vol. 1 (2003),4.0
u074,"Monsters, Inc. (2001)",4.0
u074,One Flew Over the Cuckoo's Nest (1975),4.5
u074,Schindler's List (1993),5.0
u074,"Shawshank Redemption, The (1994)",4.0
u075,American Beauty (1999),4.0
u075,American History X (1998),4.0
u075,Apollo 13 (1995),4.0
u075,Back to the Future (1985),5.0
u075,"Beautiful Mind, A (2001)",4.0
u075,Die Hard (1988),5.0
u075,Fargo (1996),5.0
u075,Full Metal Jacket (1987),4.0
u075,Gladiator (2000),4.0
u075,Good Will Hunting (1997),4.0
u075,Goodfellas (1990),5.0
u075,Indiana Jones and the Last Crusade (1989),4.0
u075,Mission: Impossible (1996),5.0
u075,Pulp Fiction (1994),5.0
u075,Reservoir Dogs (1992),5.0
u075,Schindler's List (1993),4.0
u075,"Shawshank Redemption, The (1994)",5.0
u075,"Sixth Sense, The (1999)",5.0
u075,Speed (1994),4.0
u075,Star Wars: Episode IV - A New Hope (1977),4.0
u075,Star Wars: Episode V - The Empire Strikes Back (1980),4.0
u075,Star Wars: Episode VI - Return of the Jedi (1983),4.0
u075,Trainspotting (1996),4.0
u075,"Truman Show, The (1998)",4.0
u075,Twelve Monkeys (a.k.a. 12 Monkeys) (1995),4.0
u075,"Usual Suspects, The (1995)",5.0
u076,2001: A Space Odyssey (1968),4.0
u076,"Amelie (Fabuleux destin d'Amélie Poulain, Le) (2001)",4.0
u076,American Beauty (1999),5.0
u076,American History X (1998),5.0
u076,Babe (1995),4.0
u076,Back to the Future (1985),5.0
u076,"Beautiful Mind, A (2001)",4.0
u076,Casablanca (1942),5.0
u076,"Clockwork Orange, A (1971)",5.0
u076,Fight Club (1999),5.0
u076,Forrest Gump (1994),5.0
u076,Good Will Hunting (1997),4.0
u076,Goodfellas (1990),4.0
u076,"Green Mile, The (1999)",5.0
u076,Groundhog Day (1993),4.0
u076,L.A. Confidential (1997),4.0
u076,"Lion King, The (1994)",4.0
u076,"Matrix, The (1999)",5.0
u076,Memento (2000),4.0
u076,Men in Black (a.k.a. MIB) (1997),4.0
u076,Ocean's Eleven (2001),4.0
u076,"Princess Bride, The (1987)",5.0
u076,Pulp Fiction (1994),5.0
u076,Raiders of the Lost Ark (Indiana Jones and the Raiders of the Lost Ark) (1981),4.0
u076,Reservoir Dogs (1992),5.0
u076,Saving Private Ryan (1998),4.0
u076,Seven (a.k.a. Se7en) (1995),5.0
u076,"Shawshank Redemption, The (1994)",5.0
u076,"Silence of the Lambs, The (1991)",4.0
u076,Star Wars: Episode IV - A New Hope (1977),5.0
u076,Star Wars: Episode V - The Empire Strikes Back (1980),5.0
u076,Star Wars: Episode VI - Return of the Jedi (1983),5.0
u076,Trainspotting (1996),4.0
u076,"Truman Show, The (1998)",4.0
u076,Twelve Monkeys (a.k.a. 12 Monkeys) (1995),5.0
u076,"Usual Suspects, The (1995)",5.0
u077,Alien (1979),4.0
u077,American Beauty (1999),5.0
u077,Apocalypse Now (1979),5.0
u077,Apollo 13 (1995),4.0
u077,Blade Runner (1982),5.0
u077,"Bourne Identity, The (2002)",4.0
u077,Casablanca (1942),5.0
u077,Catch Me If You Can (2002),4.0
u077,"Clockwork Orange, A (1971)",4.0
u077,"Departed, The (2006)",4.0
u077,Dr. Strangelove or: How I Learned to Stop Worrying and Love the Bomb (1964),5.0
u077,Eternal Sunshine of the Spotless Mind (2004),4.0
u077,Fargo (1996),5.0
u077,"Fugitive, The (1993)",4.0
u077,Gladiator (2000),4.0
u077,"Godfather, The (1972)",4.0
u077,Goodfellas (1990),4.0
u077,Groundhog Day (1993),4.0
u077,L.A. Confidential (1997),5.0
u077,"Matrix, The (1999)",4.0
u077,Memento (2000),4.0
u077,Men in Black (a.k.a. MIB) (1997),4.0
u077,Monty Python and the Holy Grail (1975),5.0
u077,"Princess Bride, The (1987)",4.0
u077,Pulp Fiction (1994),4.0
u077,Raiders of the Lost Ark (Indiana Jones and the Raiders of the Lost Ark) (1981),4.0
u077,Reservoir Dogs (1992),4.0
u077,Saving Private Ryan (1998),4.0
u077,Schindler's List (1993),5.0
u077,"Shawshank Redemption, The (1994)",4.0
u077,"Silence of the Lambs, The (1991)",4.0
u077,"Sixth Sense, The (1999)",4.0
u077,Star Wars: Episode IV - A New Hope (1977),4.0
u077,"Terminator, The (1984)",5.0
u077,"Usual Suspects, The (1995)",4.0
u078,Aladdin (1992),4.0
u078,"Amelie (Fabuleux destin d'Amélie Poulain, Le) (2001)",5.0
u078,Apollo 13 (1995),4.0
u078,Back to the Future (1985),4.0
u078,Batman Begins (2005),4.0
u078,"Beautiful Mind, A (2001)",4.0
u078,"Bourne Identity, The (2002)",4.0
u078,Braveheart (1995),4.5
u078,Catch Me If You Can (2002),4.5
u078,"Dark Knight, The (2008)",5.0
u078,Donnie Darko (2001),5.0
u078,Eternal Sunshine of the Spotless Mind (2004),4.5
u078,Fight Club (1999),5.0
u078,Finding Nemo (2003),4.0
u078,Forrest Gump (1994),4.0
u078,Gladiator (2000),4.0
u078,Good Will Hunting (1997),4.5
u078,Goodfellas (1990),4.0
u078,"Incredibles, The (2004)",4.0
u078,Kill Bill: Vol. 1 (2003),5.0
u078,"Lord of the Rings: The Fellowship of the Ring, The (2001)",4.0
u078,"Lord of the Rings: The Return of the King, The (2003)",4.0
u078,"Lord of the Rings: The Two Towers, The (2002)",4.5
u078,"Matrix, The (1999)",5.0
u078,Memento (2000),4.0
u078,Men in Black (a.k.a. MIB) (1997),4.0
u078,Ocean's Eleven (2001),4.0
u078,Office Space (1999),4.0
u078,Pirates of the Caribbean: The Curse of the Black Pearl (2003),4.0
u078,"Princess Bride, The (1987)",5.0
u078,Pulp Fiction (1994),5.0
u078,Raiders of the Lost Ark (Indiana Jones and the Raiders of the Lost Ark) (1981),4.0
u078,Seven (a.k.a. Se7en) (1995),4.0
u078,"Shawshank Redemption, The (1994)",5.0
u078,Speed (1994),4.0
u078,Star Wars: Episode IV - A New Hope (1977),5.0
u078,Star Wars: Episode V - The Empire Strikes Back (1980),5.0
u078,Star Wars: Episode VI - Return of the Jedi (1983),5.0
u078,Willy Wonka & the Chocolate Factory (1971),4.0
u079,American Beauty (1999),5.0
u079,Apollo 13 (1995),4.0
u079,Babe (1995),5.0
u079,Back to the Future (1985),5.0
u079,E.T. the Extra-Terrestrial (1982),5.0
u079,Forrest Gump (1994),5.0
u079,Goodfellas (1990),4.0
u079,Independence Day (a.k.a. ID4) (1996),4.0
u079,Indiana Jones and the Last Crusade (1989),5.0
u079,Jurassic Park (1993),5.0
u079,Men in Black (a.k.a. MIB) (1997),4.0
u079,"Princess Bride, The (1987)",5.0
u079,Pulp Fiction (1994),5.0
u079,Raiders of the Lost Ark (Indiana Jones and the Raiders of the Lost Ark) (1981),5.0
u079,Saving Private Ryan (1998),5.0
u079,"Silence of the Lambs, The (1991)",5.0
u079,"Sixth Sense, The (1999)",5.0
u079,Star Wars: Episode IV - A New Hope (1977),5.0
u079,Star Wars: Episode V - The Empire Strikes Back (1980),5.0
u079,Star Wars: Episode VI - Return of the Jedi (1983),5.0
u079,Terminator 2: Judgment Day (1991),5.0
u079,"Terminator, The (1984)",5.0
u079,Toy Story (1995),5.0
u079,True Lies (1994),4.0
u079,Twelve Monkeys (a.k.a. 12 Monkeys) (1995),4.0
u080,"Amelie (Fabuleux destin d'Amélie Poulain, Le) (2001)",4.0
u080,American Beauty (1999),4.0
u080,American History X (1998),5.0
u080,Apocalypse Now (1979),4.5
u080,Batman Begins (2005),4.0
u080,"Clockwork Orange, A (1971)",4.0
u080,"Dark Knight, The (2008)",4.0
u080,Donnie Darko (2001),5.0
u080,Eternal Sunshine of the Spotless Mind (2004),4.5
u080,Fight Club (1999),5.0
u080,Full Metal Jacket (1987),5.0
u080,"Godfather, The (1972)",4.0
u080,Kill Bill: Vol. 1 (2003),4.5
u080,"Lord of the Rings: The Fellowship of the Ring, The (2001)",4.0
u080,Léon: The Professional (a.k.a. The Professional) (Léon) (1994),4.5
u080,"Matrix, The (1999)",4.5
u080,Memento (2000),4.5
u080,Monty Python and the Holy Grail (1975),5.0
u080,Pulp Fiction (1994),4.5
u080,Reservoir Dogs (1992),4.5
u080,Schindler's List (1993),4.5
u080,Seven (a.k.a. Se7en) (1995),5.0
u080,Shrek (2001),4.0
u080,"Silence of the Lambs, The (1991)",4.5
u081,American Beauty (1999),4.5
u081,Fight Club (1999),4.5
u081,Forrest Gump (1994),4.5
u081,Gladiator (2000),4.0
u081,Good Will Hunting (1997),4.5
u081,Inception (2010),5.0
u081,Indiana Jones and the Last Crusade (1989),5.0
u081,"Lord of the Rings: The Fellowship of the Ring, The (2001)",5.0
u081,"Lord of the Rings: The Return of the King, The (2003)",5.0
u081,"Lord of the Rings: The Two Towers, The (2002)",5.0
u081,"Matrix, The (1999)",5.0
u081,Raiders of the Lost Ark (Indiana Jones and the Raiders of the Lost Ark) (1981),5.0
u081,Saving Private Ryan (1998),4.0
u081,"Shawshank Redemption, The (1994)",5.0
u081,"Silence of the Lambs, The (1991)",4.5
u081,"Sixth Sense, The (1999)",4.0
u082,Back to the Future (1985),4.5
u082,"Beautiful Mind, A (2001)",4.5
u082,"Dark Knight, The (2008)",4.0
u082,"Green Mile, The (1999)",4.0
u082,"Lord of the Rings: The Fellowship of the Ring, The (2001)",4.0
u082,"Lord of the Rings: The Return of the King, The (2003)",4.0
u082,"Lord of the Rings: The Two Towers, The (2002)",4.0
u082,"Matrix, The (1999)",5.0
u082,Pirates of the Caribbean: The Curse of the Black Pearl (2003),4.5
u082,Shrek (2001),4.0
u082,Star Wars: Episode IV - A New Hope (1977),5.0
u082,Star Wars: Episode V - The Empire Strikes Back (1980),5.0
u082,Star Wars: Episode VI - Return of the Jedi (1983),5.0
u082,Terminator 2: Judgment Day (1991),4.0
u082,WALL·E (2008),5.0
u083,American Beauty (1999),4.0
u083,Batman Begins (2005),4.0
u083,"Bourne Identity, The (2002)",4.0
u083,"Dark Knight, The (2008)",4.5
u083,Die Hard (1988),4.5
u083,Fight Club (1999),5.0
u083,Forrest Gump (1994),4.5
u083,Full Metal Jacket (1987),4.0
u083,Gladiator (2000),5.0
u083,"Godfather, The (1972)",4.5
u083,Good Will Hunting (1997),5.0
u083,Inception (2010),4.5
u083,"Lord of the Rings: The Return of the King, The (2003)",4.0
u083,"Matrix, The (1999)",5.0
u083,Memento (2000),4.5
u083,Monty Python and the Holy Grail (1975),4.0
u083,Pulp Fiction (1994),4.5
u083,Raiders of the Lost Ark (Indiana Jones and the Raiders of the Lost Ark) (1981),4.5
u083,Saving Private Ryan (1998),4.0
u083,"Shawshank Redemption, The (1994)",5.0
u083,Star Wars: Episode IV - A New Hope (1977),4.5
u083,Star Wars: Episode V - The Empire Strikes Back (1980),4.5
u083,Star Wars: Episode VI - Return of the Jedi (1983),4.0
u083,"Usual Suspects, The (1995)",4.0
u084,Alien (1979),4.5
u084,"Bourne Identity, The (2002)",4.5
u084,"Dark Knight, The (2008)",4.5
u084,Die Hard (1988),4.0
u084,"Godfather, The (1972)",4.0
u084,Indiana Jones and the Last Crusade (1989),4.0
u084,"Lord of the Rings: The Fellowship of the Ring, The (2001)",4.0
u084,"Lord of the Rings: The Return of the King, The (2003)",4.5
u084,"Lord of the Rings: The Two Towers, The (2002)",4.0
u084,Pirates of the Caribbean: The Curse of the Black Pearl (2003),4.0
u084,Raiders of the Lost Ark (Indiana Jones and the Raiders of the Lost Ark) (1981),4.0
u084,Shrek (2001),4.5
u084,Terminator 2: Judgment Day (1991),5.0
u084,"Terminator, The (1984)",4.0
u084,"Truman Show, The (1998)",4.0
u085,"Amelie (Fabuleux destin d'Amélie Poulain, Le) (2001)",4.5
u085,American Beauty (1999),4.0
u085,Apocalypse Now (1979),5.0
u085,Casablanca (1942),4.5
u085,"Clockwork Orange, A (1971)",4.0
u085,Donnie Darko (2001),4.0
u085,Fight Club (1999),4.5
u085,Good Will Hunting (1997),4.5
u085,"Green Mile, The (1999)",4.0
u085,L.A. Confidential (1997),4.0
u085,"Lord of the Rings: The Fellowship of the Ring, The (2001)",4.0
u085,"Lord of the Rings: The Return of the King, The (2003)",4.0
u085,"Lord of the Rings: The Two Towers, The (2002)",4.0
u085,Memento (2000),4.0
u085,Ocean's Eleven (2001),4.0
u085,Pirates of the Caribbean: The Curse of the Black Pearl (2003),4.0
u085,"Princess Bride, The (1987)",4.5
u085,Raiders of the Lost Ark (Indiana Jones and the Raiders of the Lost Ark) (1981),4.0
u085,Schindler's List (1993),4.5
u085,"Shawshank Redemption, The (1994)",5.0
u085,"Sixth Sense, The (1999)",4.5
u085,Star Wars: Episode IV - A New Hope (1977),4.5
u085,Star Wars: Episode V - The Empire Strikes Back (1980),4.5
u085,"Usual Suspects, The (1995)",5.0
u086,Babe (1995),4.0
u086,Dances with Wolves (1990),4.0
u086,Die Hard (1988),4.0
u086,Fargo (1996),5.0
u086,"Fugitive, The (1993)",4.0
u086,Indiana Jones and the Last Crusade (1989),5.0
u086,Jurassic Park (1993),4.0
u086,Men in Black (a.k.a. MIB) (1997),5.0
u086,Mission: Impossible (1996),5.0
u086,Raiders of the Lost Ark (Indiana Jones and the Raiders of the Lost Ark) (1981),5.0
u086,Saving Private Ryan (1998),4.0
u086,"Sixth Sense, The (1999)",4.0
u086,Star Wars: Episode IV - A New Hope (1977),5.0
u086,Star Wars: Episode V - The Empire Strikes Back (1980),5.0
u086,Star Wars: Episode VI - Return of the Jedi (1983),5.0
u086,Toy Story (1995),4.0
u087,Aladdin (1992),4.5
u087,American Beauty (1999),5.0
u087,Apollo 13 (1995),4.0
u087,Batman Begins (2005),4.5
u087,"Beautiful Mind, A (2001)",4.0
u087,"Bourne Identity, The (2002)",4.5
u087,"Dark Knight, The (2008)",5.0
u087,"Departed, The (2006)",4.5
u087,Die Hard (1988),5.0
u087,Eternal Sunshine of the Spotless Mind (2004),4.5
u087,Fight Club (1999),4.5
u087,"Fugitive, The (1993)",4.5
u087,Gladiator (2000),4.5
u087,"Godfather, The (1972)",4.5
u087,"Godfather: Part II, The (1974)",4.0
u087,Good Will Hunting (1997),4.0
u087,"Incredibles, The (2004)",4.0
u087,Independence Day (a.k.a. ID4) (1996),4.0
u087,Indiana Jones and the Last Crusade (1989),4.5
u087,Jurassic Park (1993),4.0
u087,Kill Bill: Vol. 1 (2003),4.5
u087,L.A. Confidential (1997),4.5
u087,"Lion King, The (1994)",5.0
u087,Léon: The Professional (a.k.a. The Professional) (Léon) (1994),4.0
u087,"Matrix, The (1999)",5.0
u087,Memento (2000),5.0
u087,Mission: Impossible (1996),4.5
u087,Ocean's Eleven (2001),5.0
u087,Office Space (1999),4.0
u087,Pirates of the Caribbean: The Curse of the Black Pearl (2003),4.5
u087,Pulp Fiction (1994),4.0
u087,Raiders of the Lost Ark (Indiana Jones and the Raiders of the Lost Ark) (1981),4.5
u087,Reservoir Dogs (1992),4.0
u087,Saving Private Ryan (1998),4.5
u087,"Shawshank Redemption, The (1994)",5.0
u087,Shrek (2001),4.5
u087,"Silence of the Lambs, The (1991)",4.5
u087,Star Wars: Episode IV - A New Hope (1977),5.0
u087,Star Wars: Episode V - The Empire Strikes Back (1980),4.5
u087,Star Wars: Episode VI - Return of the Jedi (1983),4.0
u087,Terminator 2: Judgment Day (1991),4.5
u087,"Terminator, The (1984)",4.0
u087,Trainspotting (1996),4.0
u087,"Usual Suspects, The (1995)",5.0
u087,WALL·E (2008),4.5
u088,Alien (1979),5.0
u088,Aliens (1986),5.0
u088,"Amelie (Fabuleux destin d'Amélie Poulain, Le) (2001)",5.0
u088,American Beauty (1999),5.0
u088,Apocalypse Now (1979),5.0
u088,Blade Runner (1982),5.0
u088,Casablanca (1942),5.0
u088,"Clockwork Orange, A (1971)",4.5
u088,Dr. Strangelove or: How I Learned to Stop Worrying and Love the Bomb (1964),4.5
u088,Eternal Sunshine of the Spotless Mind (2004),4.0
u088,Fargo (1996),5.0
u088,Fight Club (1999),5.0
u088,Finding Nemo (2003),4.0
u088,Full Metal Jacket (1987),4.5
u088,"Godfather, The (1972)",4.5
u088,Goodfellas (1990),4.5
u088,Groundhog Day (1993),4.0
u088,L.A. Confidential (1997),5.0
u088,Monty Python and the Holy Grail (1975),4.0
u088,Office Space (1999),4.0
u088,One Flew Over the Cuckoo's Nest (1975),5.0
u088,"Princess Bride, The (1987)",4.5
u088,Pulp Fiction (1994),5.0
u088,Reservoir Dogs (1992),4.5
u088,"Shawshank Redemption, The (1994)",4.0
u088,"Shining, The (1980)",5.0
u088,"Silence of the Lambs, The (1991)",4.0
u088,Taxi Driver (1976),5.0
u088,Terminator 2: Judgment Day (1991),4.5
u088,Trainspotting (1996),4.5
u088,Twelve Monkeys (a.k.a. 12 Monkeys) (1995),5.0
u088,"Usual Suspects, The (1995)",4.5
u089,Back to the Future (1985),4.5
u089,"Beautiful Mind, A (2001)",4.5
u089,Braveheart (1995),4.0
u089,Catch Me If You Can (2002),4.5
u089,"Clockwork Orange, A (1971)",4.0
u089,"Departed, The (2006)",4.5
u089,Forrest Gump (1994),4.0
u089,Full Metal Jacket (1987),4.0
u089,Gladiator (2000),4.5
u089,"Godfather, The (1972)",4.5
u089,"Godfather: Part II, The (1974)",4.5
u089,Goodfellas (1990),4.0
u089,Kill Bill: Vol. 1 (2003),4.0
u089,"Lord of the Rings: The Fellowship of the Ring, The (2001)",4.0
u089,"Matrix, The (1999)",4.0
u089,Ocean's Eleven (2001),4.0
u089,Pulp Fiction (1994),4.0
u089,Raiders of the Lost Ark (Indiana Jones and the Raiders of the Lost Ark) (1981),4.0
u089,Reservoir Dogs (1992),4.0
u089,Seven (a.k.a. Se7en) (1995),4.0
u089,"Truman Show, The (1998)",4.0
u090,Apollo 13 (1995),4.0
u090,"Dark Knight, The (2008)",4.5
u090,Dr. Strangelove or: How I Learned to Stop Worrying and Love the Bomb (1964),4.5
u090,Fight Club (1999),5.0
u090,Finding Nemo (2003),4.5
u090,Forrest Gump (1994),5.0
u090,"Fugitive, The (1993)",4.0
u090,"Godfather, The (1972)",4.5
u090,Kill Bill: Vol. 1 (2003),4.0
u090,"Matrix, The (1999)",4.5
u090,Pulp Fiction (1994),4.5
u090,Schindler's List (1993),4.0
u090,Seven (a.k.a. Se7en) (1995),5.0
u090,"Shawshank Redemption, The (1994)",4.0
u090,"Silence of the Lambs, The (1991)",4.5
u090,Star Wars: Episode V - The Empire Strikes Back (1980),4.0
u090,Trainspotting (1996),5.0
u090,"Truman Show, The (1998)",4.0
u090,Twelve Monkeys (a.k.a. 12 Monkeys) (1995),4.5
u091,Apollo 13 (1995),5.0
u091,Babe (1995),5.0
u091,Braveheart (1995),5.0
u091,Forrest Gump (1994),4.0
u091,"Fugitive, The (1993)",5.0
u091,"Lion King, The (1994)",4.0
u091,Mission: Impossible (1996),4.0
u091,Pulp Fiction (1994),5.0
u091,Schindler's List (1993),4.0
u091,"Shawshank Redemption, The (1994)",5.0
u091,"Silence of the Lambs, The (1991)",4.0
u091,Speed (1994),4.0
u091,Terminator 2: Judgment Day (1991),5.0
u091,Toy Story (1995),5.0
u091,True Lies (1994),4.0
u092,Alien (1979),4.0
u092,Aliens (1986),5.0
u092,American Beauty (1999),4.0
u092,Back to the Future (1985),4.0
u092,"Dark Knight, The (2008)",5.0
u092,Die Hard (1988),5.0
u092,"Godfather, The (1972)",4.0
u092,Indiana Jones and the Last Crusade (1989),4.0
u092,"Matrix, The (1999)",5.0
u092,Pulp Fiction (1994),4.0
u092,Raiders of the Lost Ark (Indiana Jones and the Raiders of the Lost Ark) (1981),4.0
u092,"Silence of the Lambs, The (1991)",4.0
u092,Star Wars: Episode IV - A New Hope (1977),4.0
u092,Terminator 2: Judgment Day (1991),5.0
u092,"Terminator, The (1984)",4.0
u093,American History X (1998),5.0
u093,Apollo 13 (1995),4.5
u093,Batman Begins (2005),4.5
u093,"Beautiful Mind, A (2001)",4.0
u093,"Bourne Identity, The (2002)",4.0
u093,Braveheart (1995),4.5
u093,Catch Me If You Can (2002),4.0
u093,"Dark Knight, The (2008)",5.0
u093,"Departed, The (2006)",4.5
u093,Die Hard (1988),4.5
u093,E.T. the Extra-Terrestrial (1982),4.0
u093,Eternal Sunshine of the Spotless Mind (2004),4.0
u093,Fight Club (1999),4.5
u093,Finding Nemo (2003),4.0
u093,Forrest Gump (1994),4.0
u093,Gladiator (2000),5.0
u093,"Godfather, The (1972)",4.0
u093,"Green Mile, The (1999)",5.0
u093,Groundhog Day (1993),4.0
u093,Inception (2010),5.0
u093,"Incredibles, The (2004)",4.0
u093,"Lord of the Rings: The Return of the King, The (2003)",4.0
u093,"Lord of the Rings: The Two Towers, The (2002)",4.0
u093,"Matrix, The (1999)",4.5
u093,Memento (2000),5.0
u093,"Monsters, Inc. (2001)",4.0
u093,Ocean's Eleven (2001),4.0
u093,Pirates of the Caribbean: The Curse of the Black Pearl (2003),4.5
u093,"Princess Bride, The (1987)",4.0
u093,Pulp Fiction (1994),5.0
u093,Raiders of the Lost Ark (Indiana Jones and the Raiders of the Lost Ark) (1981),4.5
u093,Saving Private Ryan (1998),5.0
u093,Schindler's List (1993),4.5
u093,Seven (a.k.a. Se7en) (1995),4.5
u093,"Shawshank Redemption, The (1994)",5.0
u093,Shrek (2001),4.0
u093,"Sixth Sense, The (1999)",5.0
u093,Star Wars: Episode IV - A New Hope (1977),4.5
u093,Star Wars: Episode V - The Empire Strikes Back (1980),4.5
u093,Star Wars: Episode VI - Return of the Jedi (1983),5.0
u093,Terminator 2: Judgment Day (1991),4.0
u093,"Terminator, The (1984)",4.5
u093,"Truman Show, The (1998)",4.5
u093,Willy Wonka & the Chocolate Factory (1971),4.0
u094,"Amelie (Fabuleux destin d'Amélie Poulain, Le) (2001)",4.0
u094,American History X (1998),4.0
u094,"Bourne Identity, The (2002)",4.0
u094,"Clockwork Orange, A (1971)",4.0
u094,"Dark Knight, The (2008)",4.5
u094,"Departed, The (2006)",4.0
u094,Eternal Sunshine of the Spotless Mind (2004),5.0
u094,Fargo (1996),4.0
u094,Fight Club (1999),4.0
u094,Finding Nemo (2003),4.0
u094,Forrest Gump (1994),5.0
u094,"Godfather, The (1972)",4.0
u094,"Green Mile, The (1999)",4.0
u094,"Lord of the Rings: The Fellowship of the Ring, The (2001)",4.0
u094,"Lord of the Rings: The Return of the King, The (2003)",4.0
u094,"Lord of the Rings: The Two Towers, The (2002)",4.0
u094,"Matrix, The (1999)",4.5
u094,Pulp Fiction (1994),4.0
u094,Saving Private Ryan (1998),4.0
u094,Schindler's List (1993),4.0
u094,"Shawshank Redemption, The (1994)",5.0
u094,"Shining, The (1980)",4.0
u094,Shrek (2001),4.0
u094,"Silence of the Lambs, The (1991)",4.5
u094,"Usual Suspects, The (1995)",4.0
u094,WALL·E (2008),4.0
u095,Aladdin (1992),5.0
u095,Alien (1979),5.0
u095,Aliens (1986),4.0
u095,Dances with Wolves (1990),4.0
u095,Die Hard (1988),4.0
u095,E.T. the Extra-Terrestrial (1982),5.0
u095,Jurassic Park (1993),5.0
u095,"Lion King, The (1994)",5.0
u095,"Matrix, The (1999)",5.0
u095,Memento (2000),4.0
u095,Men in Black (a.k.a. MIB) (1997),4.0
u095,Mission: Impossible (1996),4.0
u095,Raiders of the Lost Ark (Indiana Jones and the Raiders of the Lost Ark) (1981),4.0
u095,Shrek (2001),5.0
u095,Speed (1994),4.0
u095,Star Wars: Episode IV - A New Hope (1977),5.0
u095,Star Wars: Episode V - The Empire Strikes Back (1980),5.0
u095,Star Wars: Episode VI - Return of the Jedi (1983),5.0
u095,Toy Story (1995),5.0
u095,Willy Wonka & the Chocolate Factory (1971),4.0
u096,Aladdin (1992),4.0
u096,Apollo 13 (1995),5.0
u096,Babe (1995),4.0
u096,Beauty and the Beast (1991),5.0
u096,Braveheart (1995),4.0
u096,Dances with Wolves (1990),4.0
u096,Forrest Gump (1994),5.0
u096,"Fugitive, The (1993)",4.0
u096,Independence Day (a.k.a. ID4) (1996),5.0
u096,Jurassic Park (1993),4.0
u096,"Lion King, The (1994)",5.0
u096,Pulp Fiction (1994),4.0
u096,Schindler's List (1993),5.0
u096,"Shawshank Redemption, The (1994)",4.0
u096,"Silence of the Lambs, The (1991)",5.0
u096,Speed (1994),5.0
u096,Terminator 2: Judgment Day (1991),4.0
u096,True Lies (1994),4.0
u096,Twelve Monkeys (a.k.a. 12 Monkeys) (1995),4.0
u097,Aliens (1986),5.0
u097,Back to the Future (1985),5.0
u097,Blade Runner (1982),4.0
u097,Braveheart (1995),5.0
u097,Forrest Gump (1994),5.0
u097,"Fugitive, The (1993)",5.0
u097,Gladiator (2000),5.0
u097,"Matrix, The (1999)",4.0
u097,Men in Black (a.k.a. MIB) (1997),4.0
u097,Mission: Impossible (1996),4.0
u097,"Princess Bride, The (1987)",5.0
u097,Saving Private Ryan (1998),5.0
u097,"Silence of the Lambs, The (1991)",4.0
u097,Speed (1994),4.0
u097,Star Wars: Episode V - The Empire Strikes Back (1980),4.0
u097,Terminator 2: Judgment Day (1991),4.0
u097,True Lies (1994),4.0
u098,"Amelie (Fabuleux destin d'Amélie Poulain, Le) (2001)",4.0
u098,Blade Runner (1982),5.0
u098,Eternal Sunshine of the Spotless Mind (2004),5.0
u098,Fight Club (1999),4.0
u098,Finding Nemo (2003),5.0
u098,Inception (2010),5.0
u098,Kill Bill: Vol. 1 (2003),4.5
u098,"Lord of the Rings: The Fellowship of the Ring, The (2001)",5.0
u098,"Lord of the Rings: The Return of the King, The (2003)",5.0
u098,"Lord of the Rings: The Two Towers, The (2002)",5.0
u098,Léon: The Professional (a.k.a. The Professional) (Léon) (1994),4.0
u098,"Matrix, The (1999)",5.0
u098,Memento (2000),5.0
u098,"Monsters, Inc. (2001)",4.5
u098,Ocean's Eleven (2001),4.5
u098,Pirates of the Caribbean: The Curse of the Black Pearl (2003),5.0
u098,Pulp Fiction (1994),4.0
u098,Star Wars: Episode IV - A New Hope (1977),5.0
u098,Star Wars: Episode V - The Empire Strikes Back (1980),5.0
u098,Star Wars: Episode VI - Return of the Jedi (1983),5.0
u098,Terminator 2: Judgment Day (1991),5.0
u098,"Terminator, The (1984)",4.5
u098,"Usual Suspects, The (1995)",4.5
u098,WALL·E (2008),5.0
u099,Apocalypse Now (1979),5.0
u099,Fargo (1996),5.0
u099,Fight Club (1999),5.0
u099,Forrest Gump (1994),5.0
u099,Good Will Hunting (1997),5.0
u099,Léon: The Professional (a.k.a. The Professional) (Léon) (1994),5.0
u099,"Matrix, The (1999)",5.0
u099,"Princess Bride, The (1987)",5.0
u099,Pulp Fiction (1994),5.0
u099,Reservoir Dogs (1992),5.0
u099,Saving Private Ryan (1998),5.0
u099,Schindler's List (1993),5.0
u099,Seven (a.k.a. Se7en) (1995),5.0
u099,"Shawshank Redemption, The (1994)",5.0
u099,"Silence of the Lambs, The (1991)",5.0
u099,Taxi Driver (1976),4.5
u100,"Amelie (Fabuleux destin d'Amélie Poulain, Le) (2001)",4.0
u100,Back to the Future (1985),5.0
u100,"Beautiful Mind, A (2001)",5.0
u100,Catch Me If You Can (2002),4.5
u100,Eternal Sunshine of the Spotless Mind (2004),5.0
u100,Independence Day (a.k.a. ID4) (1996),4.5
u100,Léon: The Professional (a.k.a. The Professional) (Léon) (1994),5.0
u100,"Matrix, The (1999)",4.5
u100,Ocean's Eleven (2001),4.5
u100,Raiders of the Lost Ark (Indiana Jones and the Raiders of the Lost Ark) (1981),5.0
u100,"Shawshank Redemption, The (1994)",5.0
u100,Shrek (2001),4.5
u100,"Silence of the Lambs, The (1991)",4.5
u100,Speed (1994),4.0
u100,Star Wars: Episode IV - A New Hope (1977),4.0
u100,Star Wars: Episode V - The Empire Strikes Back (1980),4.0
u100,Star Wars: Episode VI - Return of the Jedi (1983),4.0
u100,WALL·E (2008),4.5
u101,American Beauty (1999),5.0
u101,American History X (1998),4.0
u101,Catch Me If You Can (2002),5.0
u101,"Dark Knight, The (2008)",5.0
u101,Donnie Darko (2001),5.0
u101,Eternal Sunshine of the Spotless Mind (2004),5.0
u101,Forrest Gump (1994),5.0
u101,Full Metal Jacket (1987),4.0
u101,Inception (2010),4.5
u101,"Matrix, The (1999)",4.0
u101,Ocean's Eleven (2001),4.5
u101,Office Space (1999),4.0
u101,Pulp Fiction (1994),5.0
u101,Reservoir Dogs (1992),4.5
u101,Saving Private Ryan (1998),4.0
u101,Seven (a.k.a. Se7en) (1995),4.0
u101,"Shawshank Redemption, The (1994)",4.5
u101,Star Wars: Episode VI - Return of the Jedi (1983),4.5
u101,"Terminator, The (1984)",4.0
u101,"Truman Show, The (1998)",4.5
u101,"Usual Suspects, The (1995)",4.0
u102,"Amelie (Fabuleux destin d'Amélie Poulain, Le) (2001)",4.0
u102,American Beauty (1999),4.0
u102,Apollo 13 (1995),4.0
u102,Babe (1995),4.0
u102,"Beautiful Mind, A (2001)",4.0
u102,Braveheart (1995),4.0
u102,Casablanca (1942),4.0
u102,Eternal Sunshine of the Spotless Mind (2004),4.5
u102,Finding Nemo (2003),4.5
u102,Forrest Gump (1994),4.0
u102,"Fugitive, The (1993)",4.0
u102,Good Will Hunting (1997),5.0
u102,"Green Mile, The (1999)",4.0
u102,L.A. Confidential (1997),5.0
u102,"Lord of the Rings: The Fellowship of the Ring, The (2001)",4.5
u102,"Lord of the Rings: The Return of the King, The (2003)",4.5
u102,"Lord of the Rings: The Two Towers, The (2002)",4.0
u102,"Matrix, The (1999)",4.0
u102,Memento (2000),5.0
u102,"Monsters, Inc. (2001)",4.5
u102,Monty Python and the Holy Grail (1975),4.0
u102,Pirates of the Caribbean: The Curse of the Black Pearl (2003),4.0
u102,"Princess Bride, The (1987)",4.0
u102,Saving Private Ryan (1998),4.0
u102,Schindler's List (1993),5.0
u102,"Shawshank Redemption, The (1994)",5.0
u102,Shrek (2001),4.5
u102,"Silence of the Lambs, The (1991)",5.0
u102,Star Wars: Episode V - The Empire Strikes Back (1980),4.0
u102,Star Wars: Episode VI - Return of the Jedi (1983),4.0
u102,Toy Story (1995),4.0
u102,True Lies (1994),4.0
u103,Apollo 13 (1995),4.0
u103,Back to the Future (1985),5.0
u103,Blade Runner (1982),4.0
u103,Fargo (1996),4.0
u103,Independence Day (a.k.a. ID4) (1996),4.0
u103,Jurassic Park (1993),4.0
u103,"Matrix, The (1999)",5.0
u103,Raiders of the Lost Ark (Indiana Jones and the Raiders of the Lost Ark) (1981),5.0
u103,Saving Private Ryan (1998),4.0
u103,"Shawshank Redemption, The (1994)",4.0
u103,"Silence of the Lambs, The (1991)",5.0
u103,Star Wars: Episode IV - A New Hope (1977),5.0
u103,Star Wars: Episode V - The Empire Strikes Back (1980),5.0
u103,Terminator 2: Judgment Day (1991),4.0
u103,"Terminator, The (1984)",5.0
u103,"Truman Show, The (1998)",4.0
u103,Twelve Monkeys (a.k.a. 12 Monkeys) (1995),4.0
u104,2001: A Space Odyssey (1968),5.0
u104,Aliens (1986),5.0
u104,Apocalypse Now (1979),5.0
u104,Back to the Future (1985),4.0
u104,Blade Runner (1982),5.0
u104,Braveheart (1995),5.0
u104,"Clockwork Orange, A (1971)",5.0
u104,Die Hard (1988),4.0
u104,Fargo (1996),5.0
u104,Fight Club (1999),5.0
u104,Forrest Gump (1994),4.0
u104,"Fugitive, The (1993)",4.0
u104,Full Metal Jacket (1987),5.0
u104,Goodfellas (1990),5.0
u104,Groundhog Day (1993),4.0
u104,Indiana Jones and the Last Crusade (1989),5.0
u104,Jurassic Park (1993),4.0
u104,L.A. Confidential (1997),4.0
u104,"Matrix, The (1999)",5.0
u104,Monty Python and the Holy Grail (1975),5.0
u104,"Princess Bride, The (1987)",4.0
u104,Pulp Fiction (1994),5.0
u104,Raiders of the Lost Ark (Indiana Jones and the Raiders of the Lost Ark) (1981),5.0
u104,Reservoir Dogs (1992),5.0
u104,Saving Private Ryan (1998),4.0
u104,Star Wars: Episode IV - A New Hope (1977),4.0
u104,Star Wars: Episode V - The Empire Strikes Back (1980),5.0
u104,Terminator 2: Judgment Day (1991),4.0
u104,"Terminator, The (1984)",4.0
u104,Trainspotting (1996),5.0
u104,Twelve Monkeys (a.k.a. 12 Monkeys) (1995),4.0
u104,"Usual Suspects, The (1995)",4.0
u105,2001: A Space Odyssey (1968),4.0
u105,Aliens (1986),5.0
u105,American Beauty (1999),4.0
u105,Apollo 13 (1995),5.0
u105,Back to the Future (1985),5.0
u105,Blade Runner (1982),5.0
u105,Braveheart (1995),4.0
u105,Gladiator (2000),5.0
u105,Jurassic Park (1993),5.0
u105,"Matrix, The (1999)",5.0
u105,"Princess Bride, The (1987)",5.0
u105,Raiders of the Lost Ark (Indiana Jones and the Raiders of the Lost Ark) (1981),5.0
u105,"Silence of the Lambs, The (1991)",5.0
u105,Star Wars: Episode IV - A New Hope (1977),5.0
u105,Star Wars: Episode V - The Empire Strikes Back (1980),5.0
u105,Star Wars: Episode VI - Return of the Jedi (1983),5.0
u105,Terminator 2: Judgment Day (1991),5.0
u105,"Terminator, The (1984)",5.0
u106,"Amelie (Fabuleux destin d'Amélie Poulain, Le) (2001)",5.0
u106,American Beauty (1999),4.0
u106,Apocalypse Now (1979),5.0
u106,Babe (1995),5.0
u106,Back to the Future (1985),4.0
u106,Blade Runner (1982),5.0
u106,"Bourne Identity, The (2002)",4.0
u106,Casablanca (1942),5.0
u106,E.T. the Extra-Terrestrial (1982),4.0
u106,Fargo (1996),4.0
u106,Fight Club (1999),5.0
u106,Full Metal Jacket (1987),5.0
u106,Gladiator (2000),4.0
u106,"Godfather, The (1972)",5.0
u106,"Godfather: Part II, The (1974)",4.0
u106,Good Will Hunting (1997),4.0
u106,Goodfellas (1990),5.0
u106,Groundhog Day (1993),5.0
u106,Jurassic Park (1993),4.0
u106,L.A. Confidential (1997),4.0
u106,"Lord of the Rings: The Fellowship of the Ring, The (2001)",4.0
u106,"Lord of the Rings: The Two Towers, The (2002)",4.0
u106,"Matrix, The (1999)",5.0
u106,Memento (2000),5.0
u106,"Monsters, Inc. (2001)",4.0
u106,Monty Python and the Holy Grail (1975),5.0
u106,Ocean's Eleven (2001),4.0
u106,One Flew Over the Cuckoo's Nest (1975),5.0
u106,"Princess Bride, The (1987)",5.0
u106,Pulp Fiction (1994),5.0
u106,Raiders of the Lost Ark (Indiana Jones and the Raiders of the Lost Ark) (1981),4.0
u106,Reservoir Dogs (1992),5.0
u106,Schindler's List (1993),5.0
u106,"Shawshank Redemption, The (1994)",4.0
u106,"Silence of the Lambs, The (1991)",5.0
u106,Star Wars: Episode IV - A New Hope (1977),4.0
u106,Star Wars: Episode VI - Return of the Jedi (1983),4.0
u106,Toy Story (1995),5.0
u106,Trainspotting (1996),5.0
u106,Twelve Monkeys (a.k.a. 12 Monkeys) (1995),5.0
u106,"Usual Suspects, The (1995)",4.0
u107,2001: A Space Odyssey (1968),4.0
u107,Alien (1979),5.0
u107,Aliens (1986),4.5
u107,Batman Begins (2005),4.0
u107,Blade Runner (1982),5.0
u107,Braveheart (1995),4.0
u107,"Dark Knight, The (2008)",4.0
u107,"Departed, The (2006)",4.0
u107,Die Hard (1988),5.0
u107,Full Metal Jacket (1987),4.0
u107,"Godfather, The (1972)",4.0
u107,Inception (2010),4.0
u107,Independence Day (a.k.a. ID4) (1996),4.0
u107,Indiana Jones and the Last Crusade (1989),4.5
u107,Jurassic Park (1993),4.0
u107,"Lord of the Rings: The Fellowship of the Ring, The (2001)",4.0
u107,"Lord of the Rings: The Return of the King, The (2003)",4.0
u107,"Lord of the Rings: The Two Towers, The (2002)",5.0
u107,"Matrix, The (1999)",4.5
u107,Mission: Impossible (1996),4.0
u107,Monty Python and the Holy Grail (1975),5.0
u107,Office Space (1999),4.0
u107,Pulp Fiction (1994),5.0
u107,Raiders of the Lost Ark (Indiana Jones and the Raiders of the Lost Ark) (1981),4.0
u107,Saving Private Ryan (1998),4.0
u107,"Shawshank Redemption, The (1994)",4.5
u107,"Shining, The (1980)",5.0
u107,"Silence of the Lambs, The (1991)",4.0
u107,Star Wars: Episode IV - A New Hope (1977),5.0
u107,Star Wars: Episode V - The Empire Strikes Back (1980),5.0
u107,Star Wars: Episode VI - Return of the Jedi (1983),4.5
u107,Terminator 2: Judgment Day (1991),4.0
u107,"Terminator, The (1984)",4.0
u108,"Amelie (Fabuleux destin d'Amélie Poulain, Le) (2001)",4.0
u108,Beauty and the Beast (1991),4.5
u108,Catch Me If You Can (2002),4.5
u108,"Dark Knight, The (2008)",4.5
u108,"Departed, The (2006)",5.0
u108,Finding Nemo (2003),4.5
u108,Forrest Gump (1994),4.0
u108,Goodfellas (1990),5.0
u108,Inception (2010),4.0
u108,"Lion King, The (1994)",4.5
u108,Ocean's Eleven (2001),4.5
u108,Shrek (2001),4.5
u108,"Sixth Sense, The (1999)",4.5
u108,Toy Story (1995),4.5
u108,"Usual Suspects, The (1995)",4.5
u108,WALL·E (2008),4.0
u109,"Amelie (Fabuleux destin d'Amélie Poulain, Le) (2001)",5.0
u109,American History X (1998),5.0
u109,Apollo 13 (1995),4.0
u109,"Beautiful Mind, A (2001)",5.0
u109,Braveheart (1995),5.0
u109,Die Hard (1988),4.5
u109,E.T. the Extra-Terrestrial (1982),4.0
u109,Eternal Sunshine of the Spotless Mind (2004),5.0
u109,Fight Club (1999),5.0
u109,Finding Nemo (2003),5.0
u109,Forrest Gump (1994),4.5
u109,"Green Mile, The (1999)",5.0
u109,"Incredibles, The (2004)",4.0
u109,Kill Bill: Vol. 1 (2003),5.0
u109,"Lion King, The (1994)",5.0
u109,"Lord of the Rings: The Fellowship of the Ring, The (2001)",4.5
u109,"Lord of the Rings: The Return of the King, The (2003)",5.0
u109,"Lord of the Rings: The Two Towers, The (2002)",4.5
u109,"Matrix, The (1999)",4.5
u109,Memento (2000),4.5
u109,Ocean's Eleven (2001),4.0
u109,One Flew Over the Cuckoo's Nest (1975),4.0
u109,Pirates of the Caribbean: The Curse of the Black Pearl (2003),4.0
u109,Pulp Fiction (1994),5.0
u109,Saving Private Ryan (1998),4.5
u109,Schindler's List (1993),4.0
u109,Seven (a.k.a. Se7en) (1995),5.0
u109,"Shining, The (1980)",4.5
u109,"Silence of the Lambs, The (1991)",4.0
u109,"Sixth Sense, The (1999)",5.0
u109,Speed (1994),4.0
u109,"Truman Show, The (1998)",4.0
u110,2001: A Space Odyssey (1968),5.0
u110,Alien (1979),4.0
u110,American Beauty (1999),4.0
u110,American History X (1998),4.0
u110,Apocalypse Now (1979),5.0
u110,Apollo 13 (1995),4.0
u110,Babe (1995),4.0
u110,Back to the Future (1985),4.0
u110,Beauty and the Beast (1991),4.0
u110,Casablanca (1942),5.0
u110,Dr. Strangelove or: How I Learned to Stop Worrying and Love the Bomb (1964),5.0
u110,E.T. the Extra-Terrestrial (1982),5.0
u110,Fargo (1996),5.0
u110,"Fugitive, The (1993)",4.0
u110,"Godfather, The (1972)",5.0
u110,"Godfather: Part II, The (1974)",5.0
u110,Good Will Hunting (1997),4.0
u110,Goodfellas (1990),5.0
u110,L.A. Confidential (1997),4.0
u110,Monty Python and the Holy Grail (1975),4.0
u110,One Flew Over the Cuckoo's Nest (1975),5.0
u110,Pulp Fiction (1994),5.0
u110,Raiders of the Lost Ark (Indiana Jones and the Raiders of the Lost Ark) (1981),5.0
u110,Reservoir Dogs (1992),4.0
u110,Saving Private Ryan (1998),4.0
u110,Schindler's List (1993),5.0
u110,"Shawshank Redemption, The (1994)",5.0
u110,"Shining, The (1980)",4.0
u110,"Silence of the Lambs, The (1991)",4.0
u110,"Sixth Sense, The (1999)",4.0
u110,Star Wars: Episode IV - A New Hope (1977),5.0
u110,Star Wars: Episode V - The Empire Strikes Back (1980),5.0
u110,Taxi Driver (1976),5.0
u110,"Terminator, The (1984)",4.0
u110,Toy Story (1995),4.0
u110,"Usual Suspects, The (1995)",4.0
u111,Aladdin (1992),4.0
u111,Back to the Future (1985),4.0
u111,Beauty and the Beast (1991),4.5
u111,"Bourne Identity, The (2002)",4.5
u111,"Dark Knight, The (2008)",4.0
u111,Die Hard (1988),4.0
u111,E.T. the Extra-Terrestrial (1982),4.5
u111,Forrest Gump (1994),4.5
u111,"Fugitive, The (1993)",4.0
u111,"Godfather, The (1972)",4.0
u111,"Godfather: Part II, The (1974)",4.0
u111,"Green Mile, The (1999)",4.5
u111,Independence Day (a.k.a. ID4) (1996),4.5
u111,Indiana Jones and the Last Crusade (1989),4.5
u111,Jurassic Park (1993),4.0
u111,"Lion King, The (1994)",4.5
u111,"Matrix, The (1999)",4.0
u111,Men in Black (a.k.a. MIB) (1997),4.0
u111,"Monsters, Inc. (2001)",4.0
u111,Monty Python and the Holy Grail (1975),4.0
u111,Pirates of the Caribbean: The Curse of the Black Pearl (2003),4.0
u111,Raiders of the Lost Ark (Indiana Jones and the Raiders of the Lost Ark) (1981),4.0
u111,Saving Private Ryan (1998),4.0
u111,"Shawshank Redemption, The (1994)",5.0
u111,Shrek (2001),4.0
u111,"Sixth Sense, The (1999)",4.0
u111,Star Wars: Episode IV - A New Hope (1977),4.0
u111,Star Wars: Episode V - The Empire Strikes Back (1980),4.0
u111,Star Wars: Episode VI - Return of the Jedi (1983),4.0
u111,Terminator 2: Judgment Day (1991),4.0
u111,"Terminator, The (1984)",4.0
u111,Toy Story (1995),4.0
u111,True Lies (1994),4.0
u111,Willy Wonka & the Chocolate Factory (1971),4.5
u112,"Amelie (Fabuleux destin d'Amélie Poulain, Le) (2001)",4.5
u112,American History X (1998),5.0
u112,Casablanca (1942),4.0
u112,Fight Club (1999),4.5
u112,"Godfather, The (1972)",4.5
u112,"Godfather: Part II, The (1974)",4.5
u112,Goodfellas (1990),4.5
u112,Inception (2010),5.0
u112,Kill Bill: Vol. 1 (2003),4.5
u112,Memento (2000),4.5
u112,One Flew Over the Cuckoo's Nest (1975),5.0
u112,Pulp Fiction (1994),5.0
u112,Reservoir Dogs (1992),5.0
u112,"Shawshank Redemption, The (1994)",5.0
u112,"Usual Suspects, The (1995)",5.0
u113,2001: A Space Odyssey (1968),4.0
u113,Alien (1979),4.0
u113,Aliens (1986),4.0
u113,American Beauty (1999),4.0
u113,Apocalypse Now (1979),4.0
u113,Blade Runner (1982),4.5
u113,Fight Club (1999),5.0
u113,Full Metal Jacket (1987),4.0
u113,"Godfather, The (1972)",5.0
u113,Goodfellas (1990),4.0
u113,Indiana Jones and the Last Crusade (1989),4.0
u113,Jurassic Park (1993),4.0
u113,Kill Bill: Vol. 1 (2003),4.0
u113,"Lord of the Rings: The Fellowship of the Ring, The (2001)",4.0
u113,"Lord of the Rings: The Return of the King, The (2003)",4.0
u113,"Lord of the Rings: The Two Towers, The (2002)",4.0
u113,"Matrix, The (1999)",4.0
u113,One Flew Over the Cuckoo's Nest (1975),4.0
u113,Pulp Fiction (1994),4.5
u113,Raiders of the Lost Ark (Indiana Jones and the Raiders of the Lost Ark) (1981),4.5
u113,Reservoir Dogs (1992),4.0
u113,Seven (a.k.a. Se7en) (1995),4.0
u113,Star Wars: Episode IV - A New Hope (1977),4.0
u113,Star Wars: Episode V - The Empire Strikes Back (1980),4.0
u113,Star Wars: Episode VI - Return of the Jedi (1983),4.5
u113,Terminator 2: Judgment Day (1991),4.0
u113,"Terminator, The (1984)",4.0
u113,Twelve Monkeys (a.k.a. 12 Monkeys) (1995),4.0
u114,"Amelie (Fabuleux destin d'Amélie Poulain, Le) (2001)",4.0
u114,American Beauty (1999),4.0
u114,American History X (1998),4.5
u114,"Beautiful Mind, A (2001)",4.5
u114,"Bourne Identity, The (2002)",4.0
u114,Catch Me If You Can (2002),4.0
u114,"Departed, The (2006)",4.5
u114,E.T. the Extra-Terrestrial (1982),4.0
u114,Eternal Sunshine of the Spotless Mind (2004),4.5
u114,Finding Nemo (2003),4.5
u114,Forrest Gump (1994),4.0
u114,"Fugitive, The (1993)",4.0
u114,Gladiator (2000),4.5
u114,"Incredibles, The (2004)",4.0
u114,Kill Bill: Vol. 1 (2003),4.5
u114,Memento (2000),4.0
u114,Ocean's Eleven (2001),4.0
u114,One Flew Over the Cuckoo's Nest (1975),4.5
u114,Pirates of the Caribbean: The Curse of the Black Pearl (2003),4.0
u114,Pulp Fiction (1994),4.5
u114,Schindler's List (1993),4.5
u114,Seven (a.k.a. Se7en) (1995),4.5
u114,Shrek (2001),4.0
u114,"Usual Suspects, The (1995)",4.5
u115,2001: A Space Odyssey (1968),4.0
u115,Aladdin (1992),4.0
u115,Alien (1979),4.0
u115,Aliens (1986),4.0
u115,Apollo 13 (1995),5.0
u115,Back to the Future (1985),5.0
u115,Beauty and the Beast (1991),5.0
u115,Blade Runner (1982),4.0
u115,Braveheart (1995),5.0
u115,Dances with Wolves (1990),5.0
u115,Die Hard (1988),4.0
u115,E.T. the Extra-Terrestrial (1982),5.0
u115,Forrest Gump (1994),5.0
u115,"Fugitive, The (1993)",5.0
u115,Good Will Hunting (1997),4.0
u115,Groundhog Day (1993),5.0
u115,Independence Day (a.k.a. ID4) (1996),4.0
u115,Indiana Jones and the Last Crusade (1989),5.0
u115,Jurassic Park (1993),4.0
u115,Léon: The Professional (a.k.a. The Professional) (Léon) (1994),4.0
u115,"Matrix, The (1999)",4.0
u115,Men in Black (a.k.a. MIB) (1997),5.0
u115,Mission: Impossible (1996),4.0
u115,Monty Python and the Holy Grail (1975),4.0
u115,"Princess Bride, The (1987)",5.0
u115,Pulp Fiction (1994),5.0
u115,Raiders of the Lost Ark (Indiana Jones and the Raiders of the Lost Ark) (1981),5.0
u115,Saving Private Ryan (1998),5.0
u115,Schindler's List (1993),5.0
u115,"Shawshank Redemption, The (1994)",4.0
u115,"Silence of the Lambs, The (1991)",4.0
u115,Star Wars: Episode IV - A New Hope (1977),5.0
u115,Star Wars: Episode V - The Empire Strikes Back (1980),5.0
u115,Star Wars: Episode VI - Return of the Jedi (1983),5.0
u115,Terminator 2: Judgment Day (1991),5.0
u115,"Terminator, The (1984)",5.0
u115,Toy Story (1995),5.0
u115,True Lies (1994),4.0
u115,"Truman Show, The (1998)",4.0
u115,Twelve Monkeys (a.k.a. 12 Monkeys) (1995),4.0
u115,Willy Wonka & the Chocolate Factory (1971),4.0
u116,Aladdin (1992),4.0
u116,American Beauty (1999),4.0
u116,American History X (1998),5.0
u116,Back to the Future (1985),4.0
u116,Batman Begins (2005),4.0
u116,"Dark Knight, The (2008)",4.5
u116,"Departed, The (2006)",4.5
u116,Donnie Darko (2001),5.0
u116,Eternal Sunshine of the Spotless Mind (2004),5.0
u116,Fight Club (1999),4.0
u116,Forrest Gump (1994),4.0
u116,"Godfather, The (1972)",4.5
u116,"Godfather: Part II, The (1974)",4.5
u116,Goodfellas (1990),4.0
u116,"Green Mile, The (1999)",4.0
u116,Memento (2000),4.0
u116,Pulp Fiction (1994),4.5
u116,Raiders of the Lost Ark (Indiana Jones and the Raiders of the Lost Ark) (1981),4.0
u116,Reservoir Dogs (1992),4.0
u116,Schindler's List (1993),4.5
u116,Seven (a.k.a. Se7en) (1995),4.0
u116,"Shawshank Redemption, The (1994)",4.5
u116,"Silence of the Lambs, The (1991)",4.5
u116,Toy Story (1995),4.0
u116,"Truman Show, The (1998)",4.0
u116,"Usual Suspects, The (1995)",4.5
u116,WALL·E (2008),5.0
u116,Willy Wonka & the Chocolate Factory (1971),4.0
u117,2001: A Space Odyssey (1968),5.0
u117,Alien (1979),4.0
u117,Aliens (1986),4.0
u117,Apocalypse Now (1979),5.0
u117,Blade Runner (1982),5.0
u117,Braveheart (1995),4.0
u117,Casablanca (1942),5.0
u117,Catch Me If You Can (2002),4.0
u117,"Clockwork Orange, A (1971)",5.0
u117,Donnie Darko (2001),4.0
u117,Dr. Strangelove or: How I Learned to Stop Worrying and Love the Bomb (1964),5.0
u117,E.T. the Extra-Terrestrial (1982),5.0
u117,Fargo (1996),4.0
u117,Forrest Gump (1994),4.0
u117,"Fugitive, The (1993)",4.0
u117,Full Metal Jacket (1987),5.0
u117,"Green Mile, The (1999)",4.0
u117,L.A. Confidential (1997),4.0
u117,"Lord of the Rings: The Two Towers, The (2002)",5.0
u117,Reservoir Dogs (1992),4.0
u117,Saving Private Ryan (1998),4.0
u117,Schindler's List (1993),5.0
u117,"Sixth Sense, The (1999)",4.0
u117,Star Wars: Episode IV - A New Hope (1977),5.0
u117,Star Wars: Episode V - The Empire Strikes Back (1980),5.0
u117,Star Wars: Episode VI - Return of the Jedi (1983),5.0
u117,Taxi Driver (1976),5.0
u117,Terminator 2: Judgment Day (1991),4.0
u117,"Terminator, The (1984)",4.0
u117,Twelve Monkeys (a.k.a. 12 Monkeys) (1995),4.0
u118,Alien (1979),4.0
u118,Aliens (1986),5.0
u118,American Beauty (1999),4.0
u118,Apocalypse Now (1979),4.0
u118,Blade Runner (1982),5.0
u118,Die Hard (1988),4.0
u118,Dr. Strangelove or: How I Learned to Stop Worrying and Love the Bomb (1964),5.0
u118,Fargo (1996),4.0
u118,Fight Club (1999),5.0
u118,Full Metal Jacket (1987),5.0
u118,Gladiator (2000),5.0
u118,"Godfather, The (1972)",5.0
u118,"Godfather: Part II, The (1974)",4.0
u118,Goodfellas (1990),5.0
u118,Groundhog Day (1993),4.0
u118,Indiana Jones and the Last Crusade (1989),4.0
u118,"Lord of the Rings: The Fellowship of the Ring, The (2001)",5.0
u118,Léon: The Professional (a.k.a. The Professional) (Léon) (1994),4.0
u118,"Matrix, The (1999)",5.0
u118,Memento (2000),4.0
u118,Men in Black (a.k.a. MIB) (1997),4.0
u118,Pulp Fiction (1994),5.0
u118,Raiders of the Lost Ark (Indiana Jones and the Raiders of the Lost Ark) (1981),5.0
u118,Reservoir Dogs (1992),5.0
u118,Saving Private Ryan (1998),5.0
u118,Seven (a.k.a. Se7en) (1995),5.0
u118,"Shining, The (1980)",5.0
u118,"Silence of the Lambs, The (1991)",5.0
u118,"Sixth Sense, The (1999)",4.0
u118,Star Wars: Episode V - The Empire Strikes Back (1980),4.0
u118,Terminator 2: Judgment Day (1991),5.0
u118,"Terminator, The (1984)",5.0
u118,True Lies (1994),5.0
u118,Twelve Monkeys (a.k.a. 12 Monkeys) (1995),4.0
u118,"Usual Suspects, The (1995)",5.0
u119,Aliens (1986),4.0
u119,"Amelie (Fabuleux destin d'Amélie Poulain, Le) (2001)",5.0
u119,American Beauty (1999),5.0
u119,American History X (1998),5.0
u119,Apocalypse Now (1979),5.0
u119,Braveheart (1995),5.0
u119,Catch Me If You Can (2002),5.0
u119,"Dark Knight, The (2008)",4.0
u119,"Departed, The (2006)",5.0
u119,Dr. Strangelove or: How I Learned to Stop Worrying and Love the Bomb (1964),5.0
u119,Eternal Sunshine of the Spotless Mind (2004),4.0
u119,Fargo (1996),5.0
u119,Fight Club (1999),5.0
u119,Forrest Gump (1994),5.0
u119,"Godfather, The (1972)",5.0
u119,Good Will Hunting (1997),5.0
u119,Goodfellas (1990),4.0
u119,"Green Mile, The (1999)",4.0
u119,Inception (2010),4.0
u119,Kill Bill: Vol. 1 (2003),5.0
u119,L.A. Confidential (1997),4.0
u119,Léon: The Professional (a.k.a. The Professional) (Léon) (1994),5.0
u119,"Matrix, The (1999)",4.0
u119,Office Space (1999),4.0
u119,Pulp Fiction (1994),5.0
u119,Reservoir Dogs (1992),5.0
u119,Saving Private Ryan (1998),5.0
u119,Seven (a.k.a. Se7en) (1995),5.0
u119,"Shawshank Redemption, The (1994)",4.0
u119,"Shining, The (1980)",5.0
u119,Shrek (2001),4.0
u119,"Silence of the Lambs, The (1991)",5.0
u119,Star Wars: Episode IV - A New Hope (1977),4.0
u119,Taxi Driver (1976),5.0
u119,Terminator 2: Judgment Day (1991),4.0
u119,Trainspotting (1996),5.0
u119,Twelve Monkeys (a.k.a. 12 Monkeys) (1995),4.0
u119,"Usual Suspects, The (1995)",5.0
u120,"Amelie (Fabuleux destin d'Amélie Poulain, Le) (2001)",4.0
u120,Apocalypse Now (1979),4.0
u120,Batman Begins (2005),4.0
u120,Catch Me If You Can (2002),4.0
u120,"Dark Knight, The (2008)",4.0
u120,Die Hard (1988),4.0
u120,Dr. Strangelove or: How I Learned to Stop Worrying and Love the Bomb (1964),4.0
u120,Eternal Sunshine of the Spotless Mind (2004),4.5
u120,Fargo (1996),4.0
u120,Forrest Gump (1994),4.5
u120,Full Metal Jacket (1987),4.0
u120,"Green Mile, The (1999)",4.0
u120,Groundhog Day (1993),4.0
u120,Inception (2010),4.0
u120,Independence Day (a.k.a. ID4) (1996),4.0
u120,Jurassic Park (1993),4.0
u120,"Lion King, The (1994)",4.5
u120,"Lord of the Rings: The Fellowship of the Ring, The (2001)",4.0
u120,Memento (2000),4.0
u120,Men in Black (a.k.a. MIB) (1997),4.0
u120,Office Space (1999),4.0
u120,One Flew Over the Cuckoo's Nest (1975),4.0
u120,Pulp Fiction (1994),4.5
u120,Reservoir Dogs (1992),4.0
u120,Schindler's List (1993),4.0
u120,Seven (a.k.a. Se7en) (1995),4.0
u120,"Shawshank Redemption, The (1994)",4.0
u120,"Silence of the Lambs, The (1991)",4.0
u120,Star Wars: Episode VI - Return of the Jedi (1983),4.0
u120,Trainspotting (1996),4.0
u120,"Truman Show, The (1998)",4.5
u120,Twelve Monkeys (a.k.a. 12 Monkeys) (1995),4.5
u120,WALL·E (2008),4.5
u121,Aladdin (1992),5.0
u121,Beauty and the Beast (1991),4.0
u121,Braveheart (1995),4.5
u121,Casablanca (1942),4.5
u121,"Dark Knight, The (2008)",5.0
u121,Fight Club (1999),4.0
u121,Forrest Gump (1994),4.0
u121,"Godfather, The (1972)",5.0
u121,"Godfather: Part II, The (1974)",5.0
u121,Inception (2010),5.0
u121,"Lion King, The (1994)",5.0
u121,Léon: The Professional (a.k.a. The Professional) (Léon) (1994),5.0
u121,"Matrix, The (1999)",5.0
u121,Schindler's List (1993),5.0
u121,"Shawshank Redemption, The (1994)",4.5
u121,WALL·E (2008),5.0
u122,"Amelie (Fabuleux destin d'Amélie Poulain, Le) (2001)",4.5
u122,American Beauty (1999),4.5
u122,Apollo 13 (1995),4.0
u122,Casablanca (1942),5.0
u122,Dr. Strangelove or: How I Learned to Stop Worrying and Love the Bomb (1964),4.0
u122,Eternal Sunshine of the Spotless Mind (2004),4.0
u122,Fargo (1996),4.5
u122,Fight Club (1999),4.0
u122,Gladiator (2000),4.0
u122,Groundhog Day (1993),4.0
u122,Kill Bill: Vol. 1 (2003),4.0
u122,"Matrix, The (1999)",4.0
u122,Monty Python and the Holy Grail (1975),5.0
u122,Pulp Fiction (1994),5.0
u122,Seven (a.k.a. Se7en) (1995),4.0
u122,"Shawshank Redemption, The (1994)",4.0
u122,"Sixth Sense, The (1999)",4.0
u122,"Usual Suspects, The (1995)",4.0
u123,2001: A Space Odyssey (1968),5.0
u123,Back to the Future (1985),4.0
u123,Blade Runner (1982),5.0
u123,"Bourne Identity, The (2002)",4.0
u123,Die Hard (1988),4.0
u123,"Godfather, The (1972)",5.0
u123,"Lord of the Rings: The Fellowship of the Ring, The (2001)",5.0
u123,Memento (2000),4.0
u123,Pulp Fiction (1994),5.0
u123,"Shawshank Redemption, The (1994)",5.0
u123,"Silence of the Lambs, The (1991)",5.0
u123,"Sixth Sense, The (1999)",4.0
u123,Star Wars: Episode V - The Empire Strikes Back (1980),4.0
u123,Taxi Driver (1976),5.0
u123,Twelve Monkeys (a.k.a. 12 Monkeys) (1995),4.0
u124,"Amelie (Fabuleux destin d'Amélie Poulain, Le) (2001)",4.0
u124,American History X (1998),4.5
u124,"Beautiful Mind, A (2001)",4.5
u124,"Bourne Identity, The (2002)",5.0
u124,Braveheart (1995),5.0
u124,"Departed, The (2006)",5.0
u124,Eternal Sunshine of the Spotless Mind (2004),4.5
u124,Fight Club (1999),4.0
u124,Forrest Gump (1994),5.0
u124,Gladiator (2000),5.0
u124,"Green Mile, The (1999)",4.5
u124,Inception (2010),4.5
u124,Kill Bill: Vol. 1 (2003),5.0
u124,"Lord of the Rings: The Fellowship of the Ring, The (2001)",4.0
u124,"Lord of the Rings: The Return of the King, The (2003)",4.0
u124,"Lord of the Rings: The Two Towers, The (2002)",4.0
u124,Léon: The Professional (a.k.a. The Professional) (Léon) (1994),4.5
u124,One Flew Over the Cuckoo's Nest (1975),4.5
u124,Pulp Fiction (1994),4.0
u124,Schindler's List (1993),4.5
u124,Seven (a.k.a. Se7en) (1995),4.0
u124,"Shawshank Redemption, The (1994)",4.5
u124,"Silence of the Lambs, The (1991)",4.5
u125,2001: A Space Odyssey (1968),4.0
u125,Aliens (1986),4.0
u125,"Amelie (Fabuleux destin d'Amélie Poulain, Le) (2001)",4.5
u125,Apocalypse Now (1979),4.0
u125,Babe (1995),5.0
u125,Back to the Future (1985),4.0
u125,"Bourne Identity, The (2002)",4.0
u125,"Clockwork Orange, A (1971)",4.5
u125,Dr. Strangelove or: How I Learned to Stop Worrying and Love the Bomb (1964),5.0
u125,E.T. the Extra-Terrestrial (1982),5.0
u125,Fargo (1996),5.0
u125,Fight Club (1999),5.0
u125,"Godfather, The (1972)",5.0
u125,"Godfather: Part II, The (1974)",5.0
u125,Goodfellas (1990),4.5
u125,"Incredibles, The (2004)",5.0
u125,Indiana Jones and the Last Crusade (1989),4.0
u125,"Lord of the Rings: The Return of the King, The (2003)",4.0
u125,"Lord of the Rings: The Two Towers, The (2002)",4.0
u125,Monty Python and the Holy Grail (1975),5.0
u125,One Flew Over the Cuckoo's Nest (1975),5.0
u125,"Princess Bride, The (1987)",4.0
u125,Pulp Fiction (1994),5.0
u125,Raiders of the Lost Ark (Indiana Jones and the Raiders of the Lost Ark) (1981),5.0
u125,Reservoir Dogs (1992),5.0
u125,Schindler's List (1993),5.0
u125,Seven (a.k.a. Se7en) (1995),4.5
u125,"Shawshank Redemption, The (1994)",5.0
u125,"Shining, The (1980)",4.0
u125,Shrek (2001),4.5
u125,Star Wars: Episode IV - A New Hope (1977),5.0
u125,Star Wars: Episode V - The Empire Strikes Back (1980),5.0
u125,Star Wars: Episode VI - Return of the Jedi (1983),4.0
u125,Toy Story (1995),5.0
u125,"Usual Suspects, The (1995)",4.0
u125,Willy Wonka & the Chocolate Factory (1971),5.0
u126,"Amelie (Fabuleux destin d'Amélie Poulain, Le) (2001)",4.0
u126,Batman Begins (2005),4.0
u126,"Beautiful Mind, A (2001)",4.5
u126,"Bourne Identity, The (2002)",4.0
u126,"Dark Knight, The (2008)",5.0
u126,Eternal Sunshine of the Spotless Mind (2004),4.0
u126,Fargo (1996),5.0
u126,Fight Club (1999),4.0
u126,Finding Nemo (2003),4.0
u126,Gladiator (2000),4.5
u126,"Godfather, The (1972)",5.0
u126,Goodfellas (1990),5.0
u126,Inception (2010),4.0
u126,"Incredibles, The (2004)",4.0
u126,Kill Bill: Vol. 1 (2003),4.0
u126,"Lord of the Rings: The Fellowship of the Ring, The (2001)",4.5
u126,"Lord of the Rings: The Return of the King, The (2003)",4.5
u126,"Lord of the Rings: The Two Towers, The (2002)",4.5
u126,Léon: The Professional (a.k.a. The Professional) (Léon) (1994),4.0
u126,Monty Python and the Holy Grail (1975),4.5
u126,Ocean's Eleven (2001),4.0
u126,Pulp Fiction (1994),5.0
u126,"Shawshank Redemption, The (1994)",5.0
u126,"Silence of the Lambs, The (1991)",5.0
u126,"Usual Suspects, The (1995)",5.0
u127,Alien (1979),4.5
u127,Aliens (1986),4.0
u127,"Amelie (Fabuleux destin d'Amélie Poulain, Le) (2001)",4.0
u127,American Beauty (1999),4.5
u127,Apocalypse Now (1979),4.0
u127,Back to the Future (1985),4.0
u127,Batman Begins (2005),4.0
u127,"Beautiful Mind, A (2001)",4.0
u127,Blade Runner (1982),5.0
u127,Casablanca (1942),4.5
u127,"Clockwork Orange, A (1971)",4.0
u127,Dances with Wolves (1990),4.5
u127,"Dark Knight, The (2008)",4.0
u127,Dr. Strangelove or: How I Learned to Stop Worrying and Love the Bomb (1964),4.5
u127,Fargo (1996),4.0
u127,Fight Club (1999),4.5
u127,Forrest Gump (1994),4.5
u127,Goodfellas (1990),4.0
u127,Groundhog Day (1993),5.0
u127,Inception (2010),4.0
u127,Indiana Jones and the Last Crusade (1989),4.0
u127,Kill Bill: Vol. 1 (2003),4.0
u127,L.A. Confidential (1997),4.0
u127,"Lord of the Rings: The Fellowship of the Ring, The (2001)",4.0
u127,"Lord of the Rings: The Return of the King, The (2003)",4.0
u127,"Lord of the Rings: The Two Towers, The (2002)",4.0
u127,"Matrix, The (1999)",5.0
u127,Memento (2000),5.0
u127,Pirates of the Caribbean: The Curse of the Black Pearl (2003),4.5
u127,Pulp Fiction (1994),4.0
u127,Reservoir Dogs (1992),4.0
u127,Saving Private Ryan (1998),4.0
u127,Schindler's List (1993),4.0
u127,Seven (a.k.a. Se7en) (1995),4.0
u127,"Shawshank Redemption, The (1994)",4.5
u127,Shrek (2001),4.5
u127,"Silence of the Lambs, The (1991)",4.5
u127,"Sixth Sense, The (1999)",4.5
u127,Star Wars: Episode V - The Empire Strikes Back (1980),4.5
u127,Taxi Driver (1976),4.0
u127,"Terminator, The (1984)",4.0
u127,Toy Story (1995),4.0
u127,"Truman Show, The (1998)",4.5
u127,"Usual Suspects, The (1995)",4.0
u128,"Amelie (Fabuleux destin d'Amélie Poulain, Le) (2001)",4.0
u128,Eternal Sunshine of the Spotless Mind (2004),4.0
u128,Finding Nemo (2003),4.0
u128,Forrest Gump (1994),4.0
u128,Gladiator (2000),4.0
u128,Groundhog Day (1993),4.0
u128,"Lion King, The (1994)",4.0
u128,"Matrix, The (1999)",4.0
u128,Monty Python and the Holy Grail (1975),4.0
u128,Pulp Fiction (1994),4.0
u128,Shrek (2001),4.5
u128,"Sixth Sense, The (1999)",4.0
u128,Star Wars: Episode IV - A New Hope (1977),4.0
u128,Star Wars: Episode V - The Empire Strikes Back (1980),4.0
u128,Terminator 2: Judgment Day (1991),4.0
u129,"Amelie (Fabuleux destin d'Amélie Poulain, Le) (2001)",5.0
u129,American Beauty (1999),5.0
u129,American History X (1998),4.5
u129,Apollo 13 (1995),4.0
u129,Braveheart (1995),4.0
u129,Fight Club (1999),4.5
u129,Forrest Gump (1994),4.5
u129,"Godfather, The (1972)",4.0
u129,Good Will Hunting (1997),4.0
u129,"Green Mile, The (1999)",4.5
u129,"Lord of the Rings: The Return of the King, The (2003)",4.5
u129,Léon: The Professional (a.k.a. The Professional) (Léon) (1994),5.0
u129,"Matrix, The (1999)",5.0
u129,"Monsters, Inc. (2001)",5.0
u129,Office Space (1999),5.0
u129,Pulp Fiction (1994),5.0
u129,Saving Private Ryan (1998),4.0
u129,Schindler's List (1993),4.0
u129,Seven (a.k.a. Se7en) (1995),4.5
u129,"Shawshank Redemption, The (1994)",5.0
u129,"Silence of the Lambs, The (1991)",5.0
u129,"Sixth Sense, The (1999)",4.5
u129,Terminator 2: Judgment Day (1991),5.0
u129,Toy Story (1995),4.0
u129,"Usual Suspects, The (1995)",5.0
u130,Alien (1979),4.0
u130,American Beauty (1999),4.0
u130,American History X (1998),4.0
u130,Blade Runner (1982),4.5
u130,"Departed, The (2006)",4.5
u130,Donnie Darko (2001),4.5
u130,Fight Club (1999),5.0
u130,Goodfellas (1990),5.0
u130,"Incredibles, The (2004)",4.5
u130,L.A. Confidential (1997),4.0
u130,"Lord of the Rings: The Fellowship of the Ring, The (2001)",5.0
u130,"Lord of the Rings: The Return of the King, The (2003)",4.5
u130,"Lord of the Rings: The Two Towers, The (2002)",5.0
u130,"Matrix, The (1999)",5.0
u130,Memento (2000),5.0
u130,Pulp Fiction (1994),4.5
u130,Raiders of the Lost Ark (Indiana Jones and the Raiders of the Lost Ark) (1981),4.5
u130,Reservoir Dogs (1992),4.5
u130,Schindler's List (1993),5.0
u130,"Shawshank Redemption, The (1994)",4.5
u130,"Silence of the Lambs, The (1991)",4.5
u130,"Usual Suspects, The (1995)",4.5
u131,"Amelie (Fabuleux destin d'Amélie Poulain, Le) (2001)",4.0
u131,American Beauty (1999),5.0
u131,Back to the Future (1985),5.0
u131,"Bourne Identity, The (2002)",4.0
u131,Braveheart (1995),4.5
u131,Catch Me If You Can (2002),4.0
u131,Forrest Gump (1994),5.0
u131,"Green Mile, The (1999)",5.0
u131,Groundhog Day (1993),5.0
u131,"Matrix, The (1999)",5.0
u131,Saving Private Ryan (1998),4.0
u131,"Shawshank Redemption, The (1994)",5.0
u131,Shrek (2001),5.0
u131,Star Wars: Episode IV - A New Hope (1977),5.0
u131,Star Wars: Episode VI - Return of the Jedi (1983),5.0
u131,True Lies (1994),5.0
u132,"Amelie (Fabuleux destin d'Amélie Poulain, Le) (2001)",5.0
u132,American Beauty (1999),5.0
u132,American History X (1998),5.0
u132,Apocalypse Now (1979),5.0
u132,Blade Runner (1982),5.0
u132,Casablanca (1942),5.0
u132,Dances with Wolves (1990),4.0
u132,"Dark Knight, The (2008)",4.5
u132,Dr. Strangelove or: How I Learned to Stop Worrying and Love the Bomb (1964),4.5
u132,Fargo (1996),5.0
u132,Fight Club (1999),5.0
u132,"Godfather, The (1972)",5.0
u132,"Godfather: Part II, The (1974)",5.0
u132,Goodfellas (1990),4.5
u132,Inception (2010),5.0
u132,"Lord of the Rings: The Fellowship of the Ring, The (2001)",5.0
u132,"Lord of the Rings: The Two Towers, The (2002)",5.0
u132,Memento (2000),5.0
u132,Monty Python and the Holy Grail (1975),4.5
u132,Pulp Fiction (1994),5.0
u132,Schindler's List (1993),5.0
u132,"Shawshank Redemption, The (1994)",5.0
u132,"Silence of the Lambs, The (1991)",5.0
u132,Star Wars: Episode IV - A New Hope (1977),4.5
u132,Star Wars: Episode V - The Empire Strikes Back (1980),5.0
u132,Taxi Driver (1976),5.0
u132,"Usual Suspects, The (1995)",5.0
u133,"Beautiful Mind, A (2001)",4.5
u133,Catch Me If You Can (2002),4.0
u133,"Departed, The (2006)",5.0
u133,Fight Club (1999),4.0
u133,Forrest Gump (1994),4.5
u133,Good Will Hunting (1997),4.5
u133,Inception (2010),4.0
u133,Jurassic Park (1993),4.0
u133,"Lord of the Rings: The Fellowship of the Ring, The (2001)",4.0
u133,"Lord of the Rings: The Return of the King, The (2003)",4.0
u133,"Lord of the Rings: The Two Towers, The (2002)",4.0
u133,"Matrix, The (1999)",4.0
u133,Memento (2000),4.0
u133,Ocean's Eleven (2001),4.0
u133,Pirates of the Caribbean: The Curse of the Black Pearl (2003),4.0
u133,Pulp Fiction (1994),4.5
u133,Seven (a.k.a. Se7en) (1995),4.5
u133,"Silence of the Lambs, The (1991)",4.5
u133,"Sixth Sense, The (1999)",4.0
u133,Trainspotting (1996),4.5
u133,WALL·E (2008),4.0
u133,Willy Wonka & the Chocolate Factory (1971),4.0
u134,2001: A Space Odyssey (1968),4.0
u134,Alien (1979),5.0
u134,Aliens (1986),4.0
u134,American Beauty (1999),5.0
u134,American History X (1998),4.5
u134,Blade Runner (1982),4.5
u134,Dances with Wolves (1990),5.0
u134,"Departed, The (2006)",4.5
u134,Fight Club (1999),5.0
u134,Forrest Gump (1994),5.0
u134,Full Metal Jacket (1987),4.0
u134,Gladiator (2000),4.0
u134,"Green Mile, The (1999)",5.0
u134,Inception (2010),5.0
u134,"Lord of the Rings: The Fellowship of the Ring, The (2001)",5.0
u134,"Lord of the Rings: The Return of the King, The (2003)",5.0
u134,"Lord of the Rings: The Two Towers, The (2002)",5.0
u134,"Matrix, The (1999)",4.5
u134,Memento (2000),5.0
u134,Pirates of the Caribbean: The Curse of the Black Pearl (2003),4.0
u134,Pulp Fiction (1994),5.0
u134,Raiders of the Lost Ark (Indiana Jones and the Raiders of the Lost Ark) (1981),4.0
u134,Reservoir Dogs (1992),5.0
u134,Saving Private Ryan (1998),4.5
u134,Schindler's List (1993),5.0
u134,Seven (a.k.a. Se7en) (1995),5.0
u134,"Shawshank Redemption, The (1994)",5.0
u134,"Shining, The (1980)",5.0
u134,"Silence of the Lambs, The (1991)",4.0
u134,"Sixth Sense, The (1999)",4.0
u134,Star Wars: Episode IV - A New Hope (1977),4.0
u134,Star Wars: Episode V - The Empire Strikes Back (1980),4.0
u134,"Usual Suspects, The (1995)",5.0
u134,WALL·E (2008),5.0
u135,Alien (1979),4.0
u135,"Amelie (Fabuleux destin d'Amélie Poulain, Le) (2001)",4.5
u135,American Beauty (1999),4.0
u135,American History X (1998),4.5
u135,Apollo 13 (1995),4.0
u135,Back to the Future (1985),4.0
u135,"Beautiful Mind, A (2001)",4.0
u135,"Bourne Identity, The (2002)",4.0
u135,Catch Me If You Can (2002),4.0
u135,"Departed, The (2006)",4.0
u135,Die Hard (1988),4.0
u135,Donnie Darko (2001),4.5
u135,E.T. the Extra-Terrestrial (1982),4.0
u135,Eternal Sunshine of the Spotless Mind (2004),4.0
u135,Fight Club (1999),4.5
u135,Forrest Gump (1994),4.5
u135,"Godfather, The (1972)",4.0
u135,Good Will Hunting (1997),4.0
u135,Groundhog Day (1993),4.0
u135,"Incredibles, The (2004)",4.0
u135,Jurassic Park (1993),4.0
u135,Kill Bill: Vol. 1 (2003),4.5
u135,"Matrix, The (1999)",4.0
u135,Mission: Impossible (1996),4.0
u135,Office Space (1999),4.0
u135,Pulp Fiction (1994),4.5
u135,Reservoir Dogs (1992),4.0
u135,Schindler's List (1993),4.0
u135,Seven (a.k.a. Se7en) (1995),4.0
u135,"Shawshank Redemption, The (1994)",4.5
u135,Shrek (2001),4.0
u135,"Silence of the Lambs, The (1991)",4.0
u135,Speed (1994),4.0
u135,Star Wars: Episode IV - A New Hope (1977),4.0
u135,Star Wars: Episode V - The Empire Strikes Back (1980),4.0
u135,Star Wars: Episode VI - Return of the Jedi (1983),4.0
u135,Taxi Driver (1976),4.0
u135,Terminator 2: Judgment Day (1991),4.5
u135,"Terminator, The (1984)",4.0
u135,True Lies (1994),4.0
u135,"Truman Show, The (1998)",4.5
u135,Twelve Monkeys (a.k.a. 12 Monkeys) (1995),4.0
u135,"Usual Suspects, The (1995)",4.5
u136,"Amelie (Fabuleux destin d'Amélie Poulain, Le) (2001)",5.0
u136,American Beauty (1999),4.0
u136,Apocalypse Now (1979),5.0
u136,Back to the Future (1985),5.0
u136,Batman Begins (2005),5.0
u136,Blade Runner (1982),4.5
u136,Casablanca (1942),5.0
u136,"Clockwork Orange, A (1971)",4.0
u136,"Dark Knight, The (2008)",5.0
u136,"Departed, The (2006)",4.0
u136,Donnie Darko (2001),5.0
u136,Eternal Sunshine of the Spotless Mind (2004),5.0
u136,Fight Club (1999),5.0
u136,Forrest Gump (1994),4.0
u136,"Fugitive, The (1993)",4.5
u136,Full Metal Jacket (1987),4.5
u136,Gladiator (2000),4.0
u136,Good Will Hunting (1997),4.5
u136,"Green Mile, The (1999)",4.0
u136,Groundhog Day (1993),4.0
u136,Indiana Jones and the Last Crusade (1989),4.5
u136,"Matrix, The (1999)",4.0
u136,Memento (2000),5.0
u136,Monty Python and the Holy Grail (1975),4.0
u136,"Princess Bride, The (1987)",4.0
u136,Raiders of the Lost Ark (Indiana Jones and the Raiders of the Lost Ark) (1981),4.0
u136,Reservoir Dogs (1992),5.0
u136,Saving Private Ryan (1998),4.0
u136,"Shawshank Redemption, The (1994)",4.5
u136,"Sixth Sense, The (1999)",4.0
u136,Trainspotting (1996),4.0
u137,2001: A Space Odyssey (1968),5.0
u137,American History X (1998),4.0
u137,Apocalypse Now (1979),5.0
u137,Batman Begins (2005),4.5
u137,Braveheart (1995),4.0
u137,"Clockwork Orange, A (1971)",5.0
u137,"Departed, The (2006)",4.0
u137,Fargo (1996),5.0
u137,Fight Club (1999),4.5
u137,Finding Nemo (2003),4.0
u137,Forrest Gump (1994),4.5
u137,Full Metal Jacket (1987),4.5
u137,Gladiator (2000),4.0
u137,"Godfather, The (1972)",5.0
u137,"Godfather: Part II, The (1974)",5.0
u137,Goodfellas (1990),4.0
u137,"Green Mile, The (1999)",4.0
u137,Inception (2010),4.0
u137,"Incredibles, The (2004)",4.0
u137,Kill Bill: Vol. 1 (2003),4.5
u137,L.A. Confidential (1997),4.0
u137,"Lord of the Rings: The Fellowship of the Ring, The (2001)",5.0
u137,"Lord of the Rings: The Return of the King, The (2003)",5.0
u137,"Lord of the Rings: The Two Towers, The (2002)",5.0
u137,Léon: The Professional (a.k.a. The Professional) (Léon) (1994),4.5
u137,"Matrix, The (1999)",4.5
u137,One Flew Over the Cuckoo's Nest (1975),5.0
u137,Pirates of the Caribbean: The Curse of the Black Pearl (2003),4.0
u137,Pulp Fiction (1994),5.0
u137,Reservoir Dogs (1992),4.5
u137,Seven (a.k.a. Se7en) (1995),4.5
u137,"Shawshank Redemption, The (1994)",4.5
u137,"Shining, The (1980)",5.0
u137,Shrek (2001),4.0
u137,"Silence of the Lambs, The (1991)",5.0
u137,Star Wars: Episode IV - A New Hope (1977),4.5
u137,Star Wars: Episode V - The Empire Strikes Back (1980),4.5
u137,Taxi Driver (1976),5.0
u137,Terminator 2: Judgment Day (1991),4.0
u137,"Truman Show, The (1998)",4.0
u138,Batman Begins (2005),4.0
u138,Braveheart (1995),4.0
u138,"Dark Knight, The (2008)",4.0
u138,"Departed, The (2006)",4.5
u138,Die Hard (1988),4.0
u138,Fight Club (1999),4.5
u138,Gladiator (2000),4.5
u138,Inception (2010),4.0
u138,"Incredibles, The (2004)",4.0
u138,Kill Bill: Vol. 1 (2003),4.0
u138,"Lord of the Rings: The Fellowship of the Ring, The (2001)",4.5
u138,"Lord of the Rings: The Return of the King, The (2003)",4.5
u138,Pirates of the Caribbean: The Curse of the Black Pearl (2003),4.0
u138,Reservoir Dogs (1992),5.0
u138,Saving Private Ryan (1998),4.0
u138,Terminator 2: Judgment Day (1991),4.0
u139,Apollo 13 (1995),4.0
u139,Back to the Future (1985),4.0
u139,Casablanca (1942),5.0
u139,E.T. the Extra-Terrestrial (1982),5.0
u139,Forrest Gump (1994),5.0
u139,"Godfather, The (1972)",5.0
u139,"Godfather: Part II, The (1974)",4.0
u139,Good Will Hunting (1997),5.0
u139,Groundhog Day (1993),4.0
u139,Men in Black (a.k.a. MIB) (1997),4.0
u139,Raiders of the Lost Ark (Indiana Jones and the Raiders of the Lost Ark) (1981),5.0
u139,"Shawshank Redemption, The (1994)",5.0
u139,"Shining, The (1980)",4.0
u139,Shrek (2001),5.0
u139,"Silence of the Lambs, The (1991)",5.0
u139,"Sixth Sense, The (1999)",5.0
u139,Star Wars: Episode IV - A New Hope (1977),5.0
u139,Star Wars: Episode V - The Empire Strikes Back (1980),4.0
u139,Toy Story (1995),5.0
u140,Alien (1979),4.0
u140,Aliens (1986),5.0
u140,American Beauty (1999),4.0
u140,Apocalypse Now (1979),5.0
u140,Braveheart (1995),4.0
u140,Die Hard (1988),4.0
u140,Fargo (1996),4.0
u140,Forrest Gump (1994),4.0
u140,Full Metal Jacket (1987),4.0
u140,"Godfather, The (1972)",5.0
u140,"Godfather: Part II, The (1974)",4.0
u140,Goodfellas (1990),4.0
u140,"Green Mile, The (1999)",4.0
u140,Jurassic Park (1993),4.0
u140,L.A. Confidential (1997),4.0
u140,Léon: The Professional (a.k.a. The Professional) (Léon) (1994),4.0
u140,"Matrix, The (1999)",4.0
u140,One Flew Over the Cuckoo's Nest (1975),5.0
u140,"Princess Bride, The (1987)",5.0
u140,Pulp Fiction (1994),5.0
u140,Raiders of the Lost Ark (Indiana Jones and the Raiders of the Lost Ark) (1981),4.0
u140,Reservoir Dogs (1992),4.0
u140,Saving Private Ryan (1998),5.0
u140,Schindler's List (1993),5.0
u140,Seven (a.k.a. Se7en) (1995),4.0
u140,"Silence of the Lambs, The (1991)",4.0
u140,"Sixth Sense, The (1999)",4.0
u140,Star Wars: Episode IV - A New Hope (1977),4.0
u140,Star Wars: Episode VI - Return of the Jedi (1983),4.0
u140,"Terminator, The (1984)",4.0
u140,"Usual Suspects, The (1995)",4.0
u141,"Amelie (Fabuleux destin d'Amélie Poulain, Le) (2001)",4.5
u141,American History X (1998),4.0
u141,Donnie Darko (2001),4.0
u141,Eternal Sunshine of the Spotless Mind (2004),4.0
u141,Fight Club (1999),4.5
u141,"Incredibles, The (2004)",4.0
u141,Indiana Jones and the Last Crusade (1989),4.0
u141,Kill Bill: Vol. 1 (2003),4.0
u141,"Lord of the Rings: The Fellowship of the Ring, The (2001)",4.5
u141,"Lord of the Rings: The Return of the King, The (2003)",4.5
u141,"Lord of the Rings: The Two Towers, The (2002)",4.5
u141,"Matrix, The (1999)",4.0
u141,Office Space (1999),4.0
u141,Pirates of the Caribbean: The Curse of the Black Pearl (2003),4.0
u141,Pulp Fiction (1994),5.0
u141,Raiders of the Lost Ark (Indiana Jones and the Raiders of the Lost Ark) (1981),4.0
u141,Shrek (2001),4.0
u141,"Silence of the Lambs, The (1991)",4.0
u141,"Sixth Sense, The (1999)",4.5
u141,Terminator 2: Judgment Day (1991),4.0
u141,"Terminator, The (1984)",4.0
u141,Trainspotting (1996),4.5
u141,True Lies (1994),4.0
u141,"Usual Suspects, The (1995)",4.5
u142,Aladdin (1992),4.0
u142,Alien (1979),5.0
u142,Aliens (1986),5.0
u142,Apocalypse Now (1979),5.0
u142,Babe (1995),4.0
u142,Back to the Future (1985),5.0
u142,Beauty and the Beast (1991),4.0
u142,Blade Runner (1982),4.0
u142,Braveheart (1995),4.0
u142,Die Hard (1988),5.0
u142,E.T. the Extra-Terrestrial (1982),4.0
u142,Fargo (1996),5.0
u142,"Fugitive, The (1993)",5.0
u142,"Godfather, The (1972)",5.0
u142,"Godfather: Part II, The (1974)",5.0
u142,Goodfellas (1990),5.0
u142,Groundhog Day (1993),4.0
u142,Indiana Jones and the Last Crusade (1989),5.0
u142,"Lion King, The (1994)",4.0
u142,Léon: The Professional (a.k.a. The Professional) (Léon) (1994),4.0
u142,"Princess Bride, The (1987)",4.0
u142,Pulp Fiction (1994),4.0
u142,Raiders of the Lost Ark (Indiana Jones and the Raiders of the Lost Ark) (1981),5.0
u142,Reservoir Dogs (1992),5.0
u142,Schindler's List (1993),5.0
u142,Seven (a.k.a. Se7en) (1995),5.0
u142,"Shawshank Redemption, The (1994)",5.0
u142,"Shining, The (1980)",4.0
u142,"Silence of the Lambs, The (1991)",4.0
u142,Speed (1994),5.0
u142,Star Wars: Episode IV - A New Hope (1977),4.0
u142,Star Wars: Episode V - The Empire Strikes Back (1980),4.0
u142,Star Wars: Episode VI - Return of the Jedi (1983),5.0
u142,Terminator 2: Judgment Day (1991),4.0
u142,True Lies (1994),5.0
u142,Twelve Monkeys (a.k.a. 12 Monkeys) (1995),4.0
u142,"Usual Suspects, The (1995)",5.0
u143,Babe (1995),4.0
u143,Braveheart (1995),4.0
u143,Dances with Wolves (1990),4.0
u143,Forrest Gump (1994),4.0
u143,Jurassic Park (1993),4.0
u143,"Lion King, The (1994)",5.0
u143,Mission: Impossible (1996),4.0
u143,Pulp Fiction (1994),5.0
u143,Schindler's List (1993),5.0
u143,Seven (a.k.a. Se7en) (1995),5.0
u143,"Shawshank Redemption, The (1994)",5.0
u143,"Silence of the Lambs, The (1991)",5.0
u143,Taxi Driver (1976),5.0
u143,Twelve Monkeys (a.k.a. 12 Monkeys) (1995),4.0
u143,"Usual Suspects, The (1995)",5.0
u144,Alien (1979),5.0
u144,"Amelie (Fabuleux destin d'Amélie Poulain, Le) (2001)",4.5
u144,Apollo 13 (1995),5.0
u144,Back to the Future (1985),4.5
u144,Batman Begins (2005),4.0
u144,"Beautiful Mind, A (2001)",4.5
u144,Blade Runner (1982),5.0
u144,"Bourne Identity, The (2002)",5.0
u144,Casablanca (1942),4.0
u144,Catch Me If You Can (2002),4.5
u144,"Departed, The (2006)",4.5
u144,Dr. Strangelove or: How I Learned to Stop Worrying and Love the Bomb (1964),4.0
u144,"Fugitive, The (1993)",4.0
u144,"Godfather, The (1972)",4.0
u144,"Godfather: Part II, The (1974)",4.5
u144,Groundhog Day (1993),4.0
u144,Inception (2010),4.0
u144,Independence Day (a.k.a. ID4) (1996),4.0
u144,Indiana Jones and the Last Crusade (1989),4.0
u144,Jurassic Park (1993),4.0
u144,"Lord of the Rings: The Fellowship of the Ring, The (2001)",4.5
u144,"Lord of the Rings: The Return of the King, The (2003)",4.0
u144,Memento (2000),5.0
u144,Men in Black (a.k.a. MIB) (1997),4.0
u144,Mission: Impossible (1996),5.0
u144,"Princess Bride, The (1987)",4.0
u144,Raiders of the Lost Ark (Indiana Jones and the Raiders of the Lost Ark) (1981),4.0
u144,Schindler's List (1993),4.5
u144,"Shining, The (1980)",4.0
u144,Shrek (2001),4.0
u144,"Sixth Sense, The (1999)",4.0
u144,Star Wars: Episode IV - A New Hope (1977),4.0
u144,Star Wars: Episode V - The Empire Strikes Back (1980),4.0
u144,Star Wars: Episode VI - Return of the Jedi (1983),4.5
u144,Terminator 2: Judgment Day (1991),5.0
u144,"Terminator, The (1984)",4.0
u144,Twelve Monkeys (a.k.a. 12 Monkeys) (1995),5.0
u144,WALL·E (2008),4.5
u145,American History X (1998),4.5
u145,Batman Begins (2005),4.5
u145,"Dark Knight, The (2008)",4.5
u145,"Departed, The (2006)",4.5
u145,Goodfellas (1990),4.0
u145,Inception (2010),5.0
u145,"Incredibles, The (2004)",4.0
u145,"Lion King, The (1994)",4.5
u145,"Lord of the Rings: The Fellowship of the Ring, The (2001)",4.5
u145,"Lord of the Rings: The Return of the King, The (2003)",4.5
u145,"Lord of the Rings: The Two Towers, The (2002)",4.5
u145,One Flew Over the Cuckoo's Nest (1975),4.5
u145,Pirates of the Caribbean: The Curse of the Black Pearl (2003),4.0
u145,Schindler's List (1993),4.5
u145,"Shawshank Redemption, The (1994)",4.5
u145,"Silence of the Lambs, The (1991)",4.5
u145,Toy Story (1995),4.5
u145,"Truman Show, The (1998)",4.0
u146,Aladdin (1992),4.0
u146,"Amelie (Fabuleux destin d'Amélie Poulain, Le) (2001)",5.0
u146,American History X (1998),4.0
u146,Back to the Future (1985),4.0
u146,"Beautiful Mind, A (2001)",4.0
u146,"Bourne Identity, The (2002)",5.0
u146,Catch Me If You Can (2002),4.0
u146,"Departed, The (2006)",5.0
u146,Donnie Darko (2001),5.0
u146,E.T. the Extra-Terrestrial (1982),4.0
u146,Eternal Sunshine of the Spotless Mind (2004),4.0
u146,Fight Club (1999),5.0
u146,Finding Nemo (2003),5.0
u146,Forrest Gump (1994),4.0
u146,"Fugitive, The (1993)",4.0
u146,Good Will Hunting (1997),4.5
u146,"Incredibles, The (2004)",4.5
u146,Independence Day (a.k.a. ID4) (1996),4.0
u146,Jurassic Park (1993),4.0
u146,"Lion King, The (1994)",4.0
u146,"Lord of the Rings: The Fellowship of the Ring, The (2001)",4.0
u146,"Lord of the Rings: The Return of the King, The (2003)",4.0
u146,"Lord of the Rings: The Two Towers, The (2002)",4.0
u146,"Matrix, The (1999)",5.0
u146,Memento (2000),4.5
u146,Men in Black (a.k.a. MIB) (1997),4.0
u146,"Monsters, Inc. (2001)",4.0
u146,Monty Python and the Holy Grail (1975),4.0
u146,Ocean's Eleven (2001),4.0
u146,Office Space (1999),4.5
u146,"Princess Bride, The (1987)",4.0
u146,Raiders of the Lost Ark (Indiana Jones and the Raiders of the Lost Ark) (1981),4.0
u146,"Shining, The (1980)",4.0
u146,Shrek (2001),4.0
u146,"Sixth Sense, The (1999)",5.0
u146,Speed (1994),4.0
u146,"Usual Suspects, The (1995)",4.5
u146,Willy Wonka & the Chocolate Factory (1971),4.0
u147,Aladdin (1992),5.0
u147,Alien (1979),5.0
u147,Apollo 13 (1995),4.0
u147,Casablanca (1942),5.0
u147,"Dark Knight, The (2008)",5.0
u147,Dr. Strangelove or: How I Learned to Stop Worrying and Love the Bomb (1964),5.0
u147,Fight Club (1999),5.0
u147,Forrest Gump (1994),4.5
u147,"Godfather, The (1972)",5.0
u147,Groundhog Day (1993),5.0
u147,Inception (2010),5.0
u147,"Lord of the Rings: The Fellowship of the Ring, The (2001)",5.0
u147,"Lord of the Rings: The Return of the King, The (2003)",5.0
u147,"Lord of the Rings: The Two Towers, The (2002)",5.0
u147,"Matrix, The (1999)",5.0
u147,Memento (2000),5.0
u147,Pulp Fiction (1994),5.0
u147,Raiders of the Lost Ark (Indiana Jones and the Raiders of the Lost Ark) (1981),5.0
u147,Saving Private Ryan (1998),4.5
u147,Schindler's List (1993),5.0
u147,"Shawshank Redemption, The (1994)",5.0
u147,"Silence of the Lambs, The (1991)",5.0
u147,Star Wars: Episode IV - A New Hope (1977),5.0
u147,Star Wars: Episode V - The Empire Strikes Back (1980),5.0
u147,Star Wars: Episode VI - Return of the Jedi (1983),4.5
u147,Toy Story (1995),4.5
u147,"Usual Suspects, The (1995)",5.0
u147,WALL·E (2008),5.0
u148,2001: A Space Odyssey (1968),4.0
u148,Aladdin (1992),4.0
u148,Aliens (1986),4.0
u148,Apocalypse Now (1979),4.0
u148,Apollo 13 (1995),5.0
u148,Back to the Future (1985),4.0
u148,Blade Runner (1982),5.0
u148,"Clockwork Orange, A (1971)",5.0
u148,Dr. Strangelove or: How I Learned to Stop Worrying and Love the Bomb (1964),5.0
u148,Fargo (1996),5.0
u148,Forrest Gump (1994),4.0
u148,"Fugitive, The (1993)",4.0
u148,Full Metal Jacket (1987),4.0
u148,"Godfather, The (1972)",5.0
u148,"Godfather: Part II, The (1974)",4.0
u148,Goodfellas (1990),5.0
u148,Groundhog Day (1993),5.0
u148,Indiana Jones and the Last Crusade (1989),5.0
u148,Jurassic Park (1993),4.0
u148,Monty Python and the Holy Grail (1975),4.0
u148,"Princess Bride, The (1987)",4.0
u148,Pulp Fiction (1994),4.0
u148,Raiders of the Lost Ark (Indiana Jones and the Raiders of the Lost Ark) (1981),5.0
u148,"Shawshank Redemption, The (1994)",5.0
u148,"Shining, The (1980)",4.0
u148,Star Wars: Episode IV - A New Hope (1977),4.0
u148,Star Wars: Episode V - The Empire Strikes Back (1980),5.0
u148,Star Wars: Episode VI - Return of the Jedi (1983),4.0
u148,Terminator 2: Judgment Day (1991),5.0
u148,"Terminator, The (1984)",4.0
u148,Toy Story (1995),4.0
u148,Twelve Monkeys (a.k.a. 12 Monkeys) (1995),4.0
u148,Willy Wonka & the Chocolate Factory (1971),4.0
u149,2001: A Space Odyssey (1968),5.0
u149,Alien (1979),4.0
u149,"Amelie (Fabuleux destin d'Amélie Poulain, Le) (2001)",4.0
u149,American Beauty (1999),4.5
u149,American History X (1998),4.0
u149,Apocalypse Now (1979),5.0
u149,Batman Begins (2005),4.0
u149,Blade Runner (1982),4.5
u149,Casablanca (1942),5.0
u149,"Clockwork Orange, A (1971)",5.0
u149,"Departed, The (2006)",4.0
u149,Donnie Darko (2001),4.5
u149,Dr. Strangelove or: How I Learned to Stop Worrying and Love the Bomb (1964),5.0
u149,Fargo (1996),4.0
u149,Fight Club (1999),4.5
u149,Forrest Gump (1994),4.0
u149,Full Metal Jacket (1987),4.0
u149,"Godfather, The (1972)",4.5
u149,"Godfather: Part II, The (1974)",4.5
u149,Good Will Hunting (1997),4.0
u149,Kill Bill: Vol. 1 (2003),4.0
u149,L.A. Confidential (1997),4.5
u149,Léon: The Professional (a.k.a. The Professional) (Léon) (1994),4.5
u149,"Matrix, The (1999)",4.0
u149,Memento (2000),4.5
u149,Monty Python and the Holy Grail (1975),4.5
u149,Office Space (1999),4.0
u149,One Flew Over the Cuckoo's Nest (1975),4.0
u149,"Princess Bride, The (1987)",4.0
u149,Pulp Fiction (1994),5.0
u149,Raiders of the Lost Ark (Indiana Jones and the Raiders of the Lost Ark) (1981),4.0
u149,Reservoir Dogs (1992),4.5
u149,Seven (a.k.a. Se7en) (1995),4.5
u149,"Shining, The (1980)",4.5
u149,"Silence of the Lambs, The (1991)",4.0
u149,Star Wars: Episode IV - A New Hope (1977),4.5
u149,Star Wars: Episode V - The Empire Strikes Back (1980),4.5
u149,Star Wars: Episode VI - Return of the Jedi (1983),4.0
u149,Taxi Driver (1976),4.5
u149,"Terminator, The (1984)",4.0
u149,Trainspotting (1996),4.5
u149,"Usual Suspects, The (1995)",4.5
u149,Willy Wonka & the Chocolate Factory (1971),4.5
u150,American History X (1998),5.0
u150,Batman Begins (2005),5.0
u150,"Beautiful Mind, A (2001)",4.0
u150,"Bourne Identity, The (2002)",5.0
u150,Braveheart (1995),4.0
u150,"Clockwork Orange, A (1971)",5.0
u150,"Dark Knight, The (2008)",5.0
u150,Donnie Darko (2001),5.0
u150,Dr. Strangelove or: How I Learned to Stop Worrying and Love the Bomb (1964),5.0
u150,Fight Club (1999),5.0
u150,"Fugitive, The (1993)",5.0
u150,Gladiator (2000),4.0
u150,Inception (2010),5.0
u150,Indiana Jones and the Last Crusade (1989),5.0
u150,Kill Bill: Vol. 1 (2003),5.0
u150,"Lord of the Rings: The Fellowship of the Ring, The (2001)",5.0
u150,"Lord of the Rings: The Return of the King, The (2003)",5.0
u150,"Lord of the Rings: The Two Towers, The (2002)",5.0
u150,Léon: The Professional (a.k.a. The Professional) (Léon) (1994),5.0
u150,"Matrix, The (1999)",5.0
u150,Memento (2000),5.0
u150,Ocean's Eleven (2001),5.0
u150,Pirates of the Caribbean: The Curse of the Black Pearl (2003),5.0
u150,Raiders of the Lost Ark (Indiana Jones and the Raiders of the Lost Ark) (1981),5.0
u150,Reservoir Dogs (1992),5.0
u150,"Truman Show, The (1998)",4.0
u151,Back to the Future (1985),5.0
u151,Finding Nemo (2003),5.0
u151,Forrest Gump (1994),5.0
u151,Gladiator (2000),5.0
u151,Indiana Jones and the Last Crusade (1989),4.5
u151,"Lord of the Rings: The Fellowship of the Ring, The (2001)",4.5
u151,"Lord of the Rings: The Return of the King, The (2003)",4.0
u151,"Lord of the Rings: The Two Towers, The (2002)",5.0
u151,"Matrix, The (1999)",5.0
u151,"Monsters, Inc. (2001)",4.0
u151,Pulp Fiction (1994),5.0
u151,Raiders of the Lost Ark (Indiana Jones and the Raiders of the Lost Ark) (1981),5.0
u151,Schindler's List (1993),4.0
u151,Shrek (2001),5.0
u151,"Silence of the Lambs, The (1991)",4.5
u151,"Sixth Sense, The (1999)",4.5
u151,Star Wars: Episode IV - A New Hope (1977),5.0
u151,Star Wars: Episode V - The Empire Strikes Back (1980),5.0
u151,Star Wars: Episode VI - Return of the Jedi (1983),5.0
u151,Toy Story (1995),4.0
u152,Back to the Future (1985),4.0
u152,Blade Runner (1982),4.5
u152,"Dark Knight, The (2008)",4.5
u152,"Departed, The (2006)",4.0
u152,Die Hard (1988),4.5
u152,Donnie Darko (2001),4.5
u152,Fargo (1996),5.0
u152,Fight Club (1999),5.0
u152,Forrest Gump (1994),4.5
u152,Gladiator (2000),4.0
u152,"Godfather, The (1972)",5.0
u152,"Godfather: Part II, The (1974)",4.5
u152,Goodfellas (1990),4.5
u152,Inception (2010),5.0
u152,"Lord of the Rings: The Fellowship of the Ring, The (2001)",4.0
u152,"Lord of the Rings: The Return of the King, The (2003)",4.0
u152,Léon: The Professional (a.k.a. The Professional) (Léon) (1994),5.0
u152,"Matrix, The (1999)",5.0
u152,One Flew Over the Cuckoo's Nest (1975),4.5
u152,"Princess Bride, The (1987)",4.5
u152,Pulp Fiction (1994),5.0
u152,Raiders of the Lost Ark (Indiana Jones and the Raiders of the Lost Ark) (1981),4.5
u152,Seven (a.k.a. Se7en) (1995),5.0
u152,"Shawshank Redemption, The (1994)",5.0
u152,"Shining, The (1980)",4.5
u152,"Silence of the Lambs, The (1991)",5.0
u152,Star Wars: Episode IV - A New Hope (1977),5.0
u152,Star Wars: Episode V - The Empire Strikes Back (1980),5.0
u152,Star Wars: Episode VI - Return of the Jedi (1983),5.0
u152,Trainspotting (1996),5.0
u152,"Usual Suspects, The (1995)",5.0
u153,Alien (1979),4.0
u153,Blade Runner (1982),4.5
u153,Braveheart (1995),4.0
u153,"Clockwork Orange, A (1971)",4.5
u153,Donnie Darko (2001),4.0
u153,Dr. Strangelove or: How I Learned to Stop Worrying and Love the Bomb (1964),4.5
u153,Fight Club (1999),4.0
u153,Full Metal Jacket (1987),4.5
u153,Goodfellas (1990),4.5
u153,Inception (2010),4.5
u153,L.A. Confidential (1997),4.0
u153,Léon: The Professional (a.k.a. The Professional) (Léon) (1994),4.0
u153,"Matrix, The (1999)",4.5
u153,Memento (2000),4.5
u153,Pulp Fiction (1994),4.5
u153,Reservoir Dogs (1992),4.0
u153,Taxi Driver (1976),4.5
u153,Twelve Monkeys (a.k.a. 12 Monkeys) (1995),4.5
u154,Batman Begins (2005),5.0
u154,"Bourne Identity, The (2002)",4.5
u154,"Dark Knight, The (2008)",5.0
u154,Die Hard (1988),4.0
u154,Gladiator (2000),4.5
u154,Good Will Hunting (1997),4.0
u154,Groundhog Day (1993),5.0
u154,Indiana Jones and the Last Crusade (1989),5.0
u154,"Lord of the Rings: The Fellowship of the Ring, The (2001)",5.0
u154,"Lord of the Rings: The Return of the King, The (2003)",5.0
u154,"Lord of the Rings: The Two Towers, The (2002)",5.0
u154,"Matrix, The (1999)",4.5
u154,Raiders of the Lost Ark (Indiana Jones and the Raiders of the Lost Ark) (1981),5.0
u154,"Shawshank Redemption, The (1994)",4.5
u154,Star Wars: Episode IV - A New Hope (1977),4.0
u154,Star Wars: Episode V - The Empire Strikes Back (1980),4.0
u154,Star Wars: Episode VI - Return of the Jedi (1983),4.0
u155,American Beauty (1999),5.0
u155,Casablanca (1942),4.0
u155,Fargo (1996),5.0
u155,"Godfather, The (1972)",5.0
u155,"Godfather: Part II, The (1974)",5.0
u155,Goodfellas (1990),5.0
u155,Groundhog Day (1993),4.0
u155,Monty Python and the Holy Grail (1975),5.0
u155,One Flew Over the Cuckoo's Nest (1975),5.0
u155,"Princess Bride, The (1987)",5.0
u155,Pulp Fiction (1994),5.0
u155,"Shawshank Redemption, The (1994)",4.0
u155,"Silence of the Lambs, The (1991)",4.0
u155,Star Wars: Episode IV - A New Hope (1977),4.0
u155,Taxi Driver (1976),5.0
u155,Willy Wonka & the Chocolate Factory (1971),4.0
u156,Apollo 13 (1995),5.0
u156,Babe (1995),4.0
u156,Braveheart (1995),4.0
u156,Dances with Wolves (1990),5.0
u156,Forrest Gump (1994),5.0
u156,"Fugitive, The (1993)",4.0
u156,Jurassic Park (1993),5.0
u156,"Lion King, The (1994)",4.0
u156,Mission: Impossible (1996),5.0
u156,Pulp Fiction (1994),5.0
u156,Schindler's List (1993),5.0
u156,Seven (a.k.a. Se7en) (1995),4.0
u156,"Shawshank Redemption, The (1994)",4.0
u156,"Silence of the Lambs, The (1991)",5.0
u156,Taxi Driver (1976),4.0
u156,Toy Story (1995),5.0
u156,True Lies (1994),4.0
u157,American History X (1998),5.0
u157,Fight Club (1999),5.0
u157,"Fugitive, The (1993)",5.0
u157,"Godfather, The (1972)",5.0
u157,"Godfather: Part II, The (1974)",4.5
u157,Good Will Hunting (1997),5.0
u157,Goodfellas (1990),4.5
u157,"Green Mile, The (1999)",5.0
u157,"Lord of the Rings: The Fellowship of the Ring, The (2001)",5.0
u157,Office Space (1999),5.0
u157,Pulp Fiction (1994),5.0
u157,Saving Private Ryan (1998),5.0
u157,Schindler's List (1993),5.0
u157,"Shawshank Redemption, The (1994)",5.0
u157,"Silence of the Lambs, The (1991)",5.0
u158,Aladdin (1992),4.0
u158,American History X (1998),4.0
u158,Apollo 13 (1995),4.0
u158,"Dark Knight, The (2008)",4.0
u158,"Departed, The (2006)",4.5
u158,Dr. Strangelove or: How I Learned to Stop Worrying and Love the Bomb (1964),5.0
u158,Eternal Sunshine of the Spotless Mind (2004),5.0
u158,Fargo (1996),4.5
u158,Fight Club (1999),5.0
u158,Forrest Gump (1994),5.0
u158,"Godfather, The (1972)",5.0
u158,"Godfather: Part II, The (1974)",5.0
u158,Goodfellas (1990),5.0
u158,"Green Mile, The (1999)",4.5
u158,Inception (2010),4.0
u158,Jurassic Park (1993),4.0
u158,"Matrix, The (1999)",4.5
u158,Memento (2000),4.5
u158,One Flew Over the Cuckoo's Nest (1975),5.0
u158,"Princess Bride, The (1987)",4.5
u158,Pulp Fiction (1994),5.0
u158,Raiders of the Lost Ark (Indiana Jones and the Raiders of the Lost Ark) (1981),4.0
u158,Seven (a.k.a. Se7en) (1995),4.0
u158,"Shawshank Redemption, The (1994)",5.0
u158,"Shining, The (1980)",4.0
u158,"Silence of the Lambs, The (1991)",5.0
u158,"Sixth Sense, The (1999)",4.0
u158,Star Wars: Episode IV - A New Hope (1977),4.0
u158,Taxi Driver (1976),4.5
u158,"Usual Suspects, The (1995)",4.5
u159,American Beauty (1999),4.0
u159,American History X (1998),5.0
u159,"Beautiful Mind, A (2001)",5.0
u159,"Clockwork Orange, A (1971)",5.0
u159,"Dark Knight, The (2008)",4.0
u159,Donnie Darko (2001),5.0
u159,Fight Club (1999),5.0
u159,Forrest Gump (1994),4.0
u159,Gladiator (2000),5.0
u159,"Godfather, The (1972)",5.0
u159,"Godfather: Part II, The (1974)",5.0
u159,Good Will Hunting (1997),5.0
u159,Inception (2010),4.5
u159,Kill Bill: Vol. 1 (2003),5.0
u159,"Lord of the Rings: The Fellowship of the Ring, The (2001)",5.0
u159,"Lord of the Rings: The Return of the King, The (2003)",5.0
u159,"Lord of the Rings: The Two Towers, The (2002)",5.0
u159,"Matrix, The (1999)",5.0
u159,Memento (2000),5.0
u159,One Flew Over the Cuckoo's Nest (1975),4.5
u159,Pulp Fiction (1994),5.0
u159,Seven (a.k.a. Se7en) (1995),5.0
u159,"Shawshank Redemption, The (1994)",5.0
u159,"Shining, The (1980)",5.0
u159,Shrek (2001),5.0
u159,"Silence of the Lambs, The (1991)",4.0
u159,"Sixth Sense, The (1999)",4.5
u159,Trainspotting (1996),5.0
u159,"Truman Show, The (1998)",5.0
u160,Back to the Future (1985),4.5
u160,"Clockwork Orange, A (1971)",4.5
u160,Die Hard (1988),4.0
u160,Donnie Darko (2001),5.0
u160,Eternal Sunshine of the Spotless Mind (2004),5.0
u160,Fight Club (1999),5.0
u160,Forrest Gump (1994),4.0
u160,Full Metal Jacket (1987),4.0
u160,Good Will Hunting (1997),5.0
u160,"Green Mile, The (1999)",4.5
u160,Inception (2010),4.0
u160,"Lord of the Rings: The Fellowship of the Ring, The (2001)",5.0
u160,"Lord of the Rings: The Return of the King, The (2003)",5.0
u160,"Lord of the Rings: The Two Towers, The (2002)",5.0
u160,Monty Python and the Holy Grail (1975),5.0
u160,Pulp Fiction (1994),4.5
u160,Schindler's List (1993),4.5
u160,"Shawshank Redemption, The (1994)",5.0
u160,"Silence of the Lambs, The (1991)",4.0
u160,Taxi Driver (1976),4.5
u160,Trainspotting (1996),5.0
u160,"Truman Show, The (1998)",4.0
u160,"Usual Suspects, The (1995)",4.5
u161,American Beauty (1999),4.0
u161,American History X (1998),4.5
u161,Batman Begins (2005),5.0
u161,Braveheart (1995),4.0
u161,"Clockwork Orange, A (1971)",4.5
u161,Die Hard (1988),4.5
u161,Donnie Darko (2001),4.5
u161,Fight Club (1999),5.0
u161,Forrest Gump (1994),4.5
u161,Full Metal Jacket (1987),4.5
u161,Gladiator (2000),4.0
u161,"Godfather, The (1972)",5.0
u161,"Godfather: Part II, The (1974)",4.0
u161,Goodfellas (1990),4.0
u161,"Green Mile, The (1999)",4.5
u161,Independence Day (a.k.a. ID4) (1996),4.5
u161,"Matrix, The (1999)",4.0
u161,Office Space (1999),4.0
u161,Pulp Fiction (1994),5.0
u161,Reservoir Dogs (1992),5.0
u161,Saving Private Ryan (1998),5.0
u161,Schindler's List (1993),5.0
u161,Seven (a.k.a. Se7en) (1995),4.0
u161,"Shawshank Redemption, The (1994)",5.0
u161,"Sixth Sense, The (1999)",4.0
u161,Speed (1994),4.0
u161,Taxi Driver (1976),4.0
u161,Trainspotting (1996),5.0
u161,"Usual Suspects, The (1995)",4.0
u162,2001: A Space Odyssey (1968),4.0
u162,Aladdin (1992),4.0
u162,American Beauty (1999),4.0
u162,American History X (1998),4.0
u162,"Clockwork Orange, A (1971)",4.0
u162,Donnie Darko (2001),4.0
u162,Dr. Strangelove or: How I Learned to Stop Worrying and Love the Bomb (1964),4.0
u162,Eternal Sunshine of the Spotless Mind (2004),4.0
u162,Fight Club (1999),4.0
u162,Forrest Gump (1994),4.0
u162,"Green Mile, The (1999)",4.5
u162,Kill Bill: Vol. 1 (2003),4.0
u162,"Lion King, The (1994)",4.5
u162,"Lord of the Rings: The Fellowship of the Ring, The (2001)",4.5
u162,"Lord of the Rings: The Return of the King, The (2003)",4.5
u162,"Lord of the Rings: The Two Towers, The (2002)",4.5
u162,"Matrix, The (1999)",4.5
u162,Monty Python and the Holy Grail (1975),5.0
u162,One Flew Over the Cuckoo's Nest (1975),4.0
u162,Pirates of the Caribbean: The Curse of the Black Pearl (2003),4.0
u162,Pulp Fiction (1994),4.0
u162,Schindler's List (1993),4.5
u162,"Shawshank Redemption, The (1994)",4.5
u162,Shrek (2001),4.0
u162,"Sixth Sense, The (1999)",4.0
u162,Toy Story (1995),4.0
u163,American History X (1998),4.0
u163,"Departed, The (2006)",4.5
u163,Fight Club (1999),4.5
u163,Good Will Hunting (1997),4.0
u163,"Lion King, The (1994)",4.5
u163,Léon: The Professional (a.k.a. The Professional) (Léon) (1994),4.0
u163,Memento (2000),4.5
u163,Office Space (1999),4.5
u163,One Flew Over the Cuckoo's Nest (1975),4.0
u163,Pulp Fiction (1994),4.5
u163,Seven (a.k.a. Se7en) (1995),5.0
u163,"Shining, The (1980)",4.5
u163,"Silence of the Lambs, The (1991)",4.0
u163,Taxi Driver (1976),4.0
u163,"Usual Suspects, The (1995)",5.0
u164,Alien (1979),4.0
u164,"Amelie (Fabuleux destin d'Amélie Poulain, Le) (2001)",4.0
u164,American History X (1998),4.0
u164,"Beautiful Mind, A (2001)",4.0
u164,"Bourne Identity, The (2002)",4.0
u164,Braveheart (1995),4.0
u164,Dances with Wolves (1990),4.0
u164,Fight Club (1999),4.5
u164,Finding Nemo (2003),4.0
u164,Forrest Gump (1994),5.0
u164,Full Metal Jacket (1987),4.0
u164,Gladiator (2000),4.5
u164,Good Will Hunting (1997),4.0
u164,"Green Mile, The (1999)",4.0
u164,Inception (2010),4.5
u164,"Incredibles, The (2004)",4.0
u164,Indiana Jones and the Last Crusade (1989),4.0
u164,"Lord of the Rings: The Fellowship of the Ring, The (2001)",4.5
u164,"Lord of the Rings: The Return of the King, The (2003)",4.0
u164,"Lord of the Rings: The Two Towers, The (2002)",4.5
u164,Léon: The Professional (a.k.a. The Professional) (Léon) (1994),5.0
u164,"Monsters, Inc. (2001)",4.0
u164,Ocean's Eleven (2001),4.0
u164,Office Space (1999),4.0
u164,Pulp Fiction (1994),4.0
u164,Raiders of the Lost Ark (Indiana Jones and the Raiders of the Lost Ark) (1981),4.0
u164,Saving Private Ryan (1998),4.0
u164,Schindler's List (1993),4.0
u164,Seven (a.k.a. Se7en) (1995),4.5
u164,"Shawshank Redemption, The (1994)",5.0
u164,Shrek (2001),4.0
u164,"Silence of the Lambs, The (1991)",4.0
u164,Trainspotting (1996),5.0
u164,Twelve Monkeys (a.k.a. 12 Monkeys) (1995),4.0
u164,"Usual Suspects, The (1995)",4.5
u165,Alien (1979),4.0
u165,Aliens (1986),4.0
u165,American History X (1998),4.5
u165,"Beautiful Mind, A (2001)",4.5
u165,Beauty and the Beast (1991),4.0
u165,"Bourne Identity, The (2002)",4.5
u165,Braveheart (1995),4.0
u165,Casablanca (1942),5.0
u165,Catch Me If You Can (2002),4.0
u165,"Clockwork Orange, A (1971)",4.0
u165,Dances with Wolves (1990),4.5
u165,"Dark Knight, The (2008)",4.0
u165,Forrest Gump (1994),4.5
u165,Gladiator (2000),4.5
u165,"Godfather, The (1972)",4.0
u165,"Godfather: Part II, The (1974)",4.0
u165,Good Will Hunting (1997),4.5
u165,"Green Mile, The (1999)",4.0
u165,Inception (2010),4.5
u165,Jurassic Park (1993),4.5
u165,"Lion King, The (1994)",5.0
u165,"Lord of the Rings: The Return of the King, The (2003)",4.0
u165,"Lord of the Rings: The Two Towers, The (2002)",4.0
u165,Mission: Impossible (1996),4.0
u165,"Monsters, Inc. (2001)",4.0
u165,Schindler's List (1993),4.5
u165,Seven (a.k.a. Se7en) (1995),4.0
u165,Shrek (2001),4.5
u165,"Silence of the Lambs, The (1991)",4.0
u165,"Sixth Sense, The (1999)",4.0
u165,WALL·E (2008),4.0
u166,Apocalypse Now (1979),5.0
u166,Apollo 13 (1995),4.0
u166,Back to the Future (1985),4.0
u166,Braveheart (1995),4.0
u166,"Clockwork Orange, A (1971)",4.0
u166,Dances with Wolves (1990),5.0
u166,Fargo (1996),5.0
u166,Goodfellas (1990),5.0
u166,Groundhog Day (1993),5.0
u166,Indiana Jones and the Last Crusade (1989),4.0
u166,"Princess Bride, The (1987)",4.0
u166,Pulp Fiction (1994),5.0
u166,Schindler's List (1993),5.0
u166,Seven (a.k.a. Se7en) (1995),4.0
u166,"Shawshank Redemption, The (1994)",5.0
u166,Star Wars: Episode IV - A New Hope (1977),5.0
u166,Star Wars: Episode VI - Return of the Jedi (1983),5.0
u166,Twelve Monkeys (a.k.a. 12 Monkeys) (1995),4.0
u166,"Usual Suspects, The (1995)",4.0
u167,"Dark Knight, The (2008)",5.0
u167,Die Hard (1988),4.0
u167,Fight Club (1999),4.5
u167,"Lord of the Rings: The Fellowship of the Ring, The (2001)",5.0
u167,"Lord of the Rings: The Return of the King, The (2003)",5.0
u167,"Matrix, The (1999)",5.0
u167,Pulp Fiction (1994),5.0
u167,Raiders of the Lost Ark (Indiana Jones and the Raiders of the Lost Ark) (1981),5.0
u167,Reservoir Dogs (1992),4.5
u167,Seven (a.k.a. Se7en) (1995),4.5
u167,Shrek (2001),4.5
u167,"Silence of the Lambs, The (1991)",4.5
u167,Star Wars: Episode IV - A New Hope (1977),5.0
u167,Star Wars: Episode V - The Empire Strikes Back (1980),4.0
u167,Terminator 2: Judgment Day (1991),5.0
u168,American Beauty (1999),4.0
u168,American History X (1998),4.0
u168,Braveheart (1995),4.5
u168,Eternal Sunshine of the Spotless Mind (2004),4.0
u168,Fargo (1996),5.0
u168,Fight Club (1999),4.0
u168,Forrest Gump (1994),5.0
u168,Good Will Hunting (1997),4.0
u168,"Lord of the Rings: The Fellowship of the Ring, The (2001)",4.5
u168,"Lord of the Rings: The Return of the King, The (2003)",5.0
u168,"Lord of the Rings: The Two Towers, The (2002)",5.0
u168,One Flew Over the Cuckoo's Nest (1975),4.0
u168,Pulp Fiction (1994),4.0
u168,"Shawshank Redemption, The (1994)",5.0
u168,Star Wars: Episode IV - A New Hope (1977),4.0
u168,Toy Story (1995),4.0
u169,"Amelie (Fabuleux destin d'Amélie Poulain, Le) (2001)",5.0
u169,"Beautiful Mind, A (2001)",4.0
u169,Blade Runner (1982),4.0
u169,Braveheart (1995),5.0
u169,Donnie Darko (2001),4.0
u169,Dr. Strangelove or: How I Learned to Stop Worrying and Love the Bomb (1964),5.0
u169,Eternal Sunshine of the Spotless Mind (2004),4.0
u169,Fight Club (1999),5.0
u169,"Fugitive, The (1993)",4.0
u169,Inception (2010),4.5
u169,"Lord of the Rings: The Fellowship of the Ring, The (2001)",5.0
u169,"Lord of the Rings: The Return of the King, The (2003)",5.0
u169,"Lord of the Rings: The Two Towers, The (2002)",4.0
u169,Léon: The Professional (a.k.a. The Professional) (Léon) (1994),4.0
u169,"Matrix, The (1999)",5.0
u169,Monty Python and the Holy Grail (1975),5.0
u169,"Princess Bride, The (1987)",5.0
u169,Pulp Fiction (1994),4.0
u169,Seven (a.k.a. Se7en) (1995),4.5
u169,"Silence of the Lambs, The (1991)",4.0
u169,"Sixth Sense, The (1999)",4.0
u169,Star Wars: Episode IV - A New Hope (1977),5.0
u169,Trainspotting (1996),5.0
u169,Twelve Monkeys (a.k.a. 12 Monkeys) (1995),5.0
u170,Alien (1979),4.0
u170,Aliens (1986),5.0
u170,American Beauty (1999),4.0
u170,Back to the Future (1985),4.0
u170,Blade Runner (1982),5.0
u170,Braveheart (1995),5.0
u170,"Clockwork Orange, A (1971)",5.0
u170,Die Hard (1988),4.0
u170,E.T. the Extra-Terrestrial (1982),5.0
u170,Fargo (1996),5.0
u170,Forrest Gump (1994),5.0
u170,Full Metal Jacket (1987),5.0
u170,Gladiator (2000),4.0
u170,"Godfather, The (1972)",5.0
u170,"Godfather: Part II, The (1974)",5.0
u170,"Green Mile, The (1999)",5.0
u170,Groundhog Day (1993),5.0
u170,Independence Day (a.k.a. ID4) (1996),5.0
u170,Indiana Jones and the Last Crusade (1989),4.0
u170,Jurassic Park (1993),4.0
u170,L.A. Confidential (1997),5.0
u170,"Matrix, The (1999)",5.0
u170,Men in Black (a.k.a. MIB) (1997),4.0
u170,Mission: Impossible (1996),5.0
u170,Monty Python and the Holy Grail (1975),5.0
u170,Ocean's Eleven (2001),4.0
u170,Office Space (1999),5.0
u170,"Princess Bride, The (1987)",5.0
u170,Raiders of the Lost Ark (Indiana Jones and the Raiders of the Lost Ark) (1981),5.0
u170,Reservoir Dogs (1992),5.0
u170,Saving Private Ryan (1998),5.0
u170,Schindler's List (1993),5.0
u170,Seven (a.k.a. Se7en) (1995),5.0
u170,"Shining, The (1980)",4.0
u170,"Sixth Sense, The (1999)",5.0
u170,Speed (1994),4.0
u170,Star Wars: Episode IV - A New Hope (1977),5.0
u170,Star Wars: Episode V - The Empire Strikes Back (1980),5.0
u170,Star Wars: Episode VI - Return of the Jedi (1983),4.0
u170,Terminator 2: Judgment Day (1991),5.0
u170,"Terminator, The (1984)",5.0
u170,True Lies (1994),5.0
u171,Apollo 13 (1995),4.5
u171,"Beautiful Mind, A (2001)",5.0
u171,"Bourne Identity, The (2002)",5.0
u171,Catch Me If You Can (2002),4.0
u171,"Departed, The (2006)",4.0
u171,Donnie Darko (2001),4.5
u171,Fight Club (1999),4.5
u171,Finding Nemo (2003),5.0
u171,Forrest Gump (1994),4.5
u171,Gladiator (2000),5.0
u171,Good Will Hunting (1997),4.0
u171,Inception (2010),4.5
u171,"Incredibles, The (2004)",4.5
u171,"Lord of the Rings: The Fellowship of the Ring, The (2001)",5.0
u171,"Lord of the Rings: The Return of the King, The (2003)",5.0
u171,"Lord of the Rings: The Two Towers, The (2002)",5.0
u171,"Matrix, The (1999)",4.5
u171,"Monsters, Inc. (2001)",4.0
u171,Ocean's Eleven (2001),4.0
u171,Pirates of the Caribbean: The Curse of the Black Pearl (2003),4.0
u171,"Shawshank Redemption, The (1994)",5.0
u171,Shrek (2001),4.0
u171,"Sixth Sense, The (1999)",4.5
u171,Toy Story (1995),4.5
u171,WALL·E (2008),5.0
u172,Casablanca (1942),4.0
u172,Dr. Strangelove or: How I Learned to Stop Worrying and Love the Bomb (1964),4.5
u172,"Godfather, The (1972)",5.0
u172,"Godfather: Part II, The (1974)",4.5
u172,Goodfellas (1990),4.5
u172,L.A. Confidential (1997),4.0
u172,"Lord of the Rings: The Fellowship of the Ring, The (2001)",4.5
u172,"Lord of the Rings: The Return of the King, The (2003)",4.5
u172,"Lord of the Rings: The Two Towers, The (2002)",4.0
u172,Men in Black (a.k.a. MIB) (1997),4.0
u172,Monty Python and the Holy Grail (1975),4.5
u172,Pirates of the Caribbean: The Curse of the Black Pearl (2003),4.0
u172,Seven (a.k.a. Se7en) (1995),4.0
u172,"Shawshank Redemption, The (1994)",4.0
u172,Star Wars: Episode IV - A New Hope (1977),4.0
u172,Taxi Driver (1976),5.0
u172,"Terminator, The (1984)",4.0
u172,"Truman Show, The (1998)",4.0
u173,American Beauty (1999),4.0
u173,American History X (1998),5.0
u173,Braveheart (1995),5.0
u173,Catch Me If You Can (2002),5.0
u173,Dances with Wolves (1990),5.0
u173,"Departed, The (2006)",4.0
u173,Die Hard (1988),5.0
u173,E.T. the Extra-Terrestrial (1982),4.0
u173,Fight Club (1999),5.0
u173,Forrest Gump (1994),5.0
u173,Full Metal Jacket (1987),5.0
u173,Gladiator (2000),5.0
u173,"Godfather, The (1972)",5.0
u173,"Godfather: Part II, The (1974)",5.0
u173,Good Will Hunting (1997),4.0
u173,Goodfellas (1990),4.5
u173,Inception (2010),5.0
u173,Jurassic Park (1993),4.0
u173,L.A. Confidential (1997),5.0
u173,"Lord of the Rings: The Fellowship of the Ring, The (2001)",5.0
u173,"Lord of the Rings: The Return of the King, The (2003)",5.0
u173,"Lord of the Rings: The Two Towers, The (2002)",5.0
u173,Léon: The Professional (a.k.a. The Professional) (Léon) (1994),5.0
u173,"Matrix, The (1999)",5.0
u173,Memento (2000),4.0
u173,Ocean's Eleven (2001),4.0
u173,Pulp Fiction (1994),4.5
u173,Saving Private Ryan (1998),4.5
u173,Schindler's List (1993),4.5
u173,Seven (a.k.a. Se7en) (1995),5.0
u173,"Shawshank Redemption, The (1994)",5.0
u173,"Silence of the Lambs, The (1991)",5.0
u173,"Sixth Sense, The (1999)",5.0
u173,Speed (1994),4.0
u173,Star Wars: Episode IV - A New Hope (1977),5.0
u173,Star Wars: Episode V - The Empire Strikes Back (1980),5.0
u173,Star Wars: Episode VI - Return of the Jedi (1983),5.0
u173,Terminator 2: Judgment Day (1991),5.0
u173,"Terminator, The (1984)",4.0
u174,2001: A Space Odyssey (1968),5.0
u174,Alien (1979),5.0
u174,Aliens (1986),5.0
u174,Apocalypse Now (1979),5.0
u174,Blade Runner (1982),5.0
u174,Casablanca (1942),5.0
u174,Die Hard (1988),4.0
u174,Dr. Strangelove or: How I Learned to Stop Worrying and Love the Bomb (1964),5.0
u174,Fargo (1996),5.0
u174,Forrest Gump (1994),5.0
u174,"Fugitive, The (1993)",4.0
u174,L.A. Confidential (1997),5.0
u174,"Matrix, The (1999)",4.0
u174,Reservoir Dogs (1992),5.0
u174,Saving Private Ryan (1998),5.0
u174,Schindler's List (1993),5.0
u174,"Silence of the Lambs, The (1991)",5.0
u174,"Sixth Sense, The (1999)",5.0
u174,Star Wars: Episode VI - Return of the Jedi (1983),4.0
u174,Taxi Driver (1976),5.0
u174,"Terminator, The (1984)",4.0
u175,Aladdin (1992),5.0
u175,Back to the Future (1985),5.0
u175,Batman Begins (2005),4.5
u175,"Bourne Identity, The (2002)",4.5
u175,Gladiator (2000),5.0
u175,"Incredibles, The (2004)",4.5
u175,Indiana Jones and the Last Crusade (1989),5.0
u175,"Lion King, The (1994)",4.5
u175,"Lord of the Rings: The Fellowship of the Ring, The (2001)",5.0
u175,"Lord of the Rings: The Return of the King, The (2003)",5.0
u175,"Lord of the Rings: The Two Towers, The (2002)",5.0
u175,"Matrix, The (1999)",4.5
u175,Men in Black (a.k.a. MIB) (1997),5.0
u175,"Monsters, Inc. (2001)",4.5
u175,Pirates of the Caribbean: The Curse of the Black Pearl (2003),4.5
u175,Raiders of the Lost Ark (Indiana Jones and the Raiders of the Lost Ark) (1981),5.0
u175,Shrek (2001),4.5
u175,Star Wars: Episode IV - A New Hope (1977),5.0
u175,Star Wars: Episode V - The Empire Strikes Back (1980),5.0
u175,Star Wars: Episode VI - Return of the Jedi (1983),5.0
u175,Terminator 2: Judgment Day (1991),5.0
u175,"Terminator, The (1984)",4.5
u175,"Truman Show, The (1998)",5.0
u176,Aladdin (1992),4.5
u176,American Beauty (1999),4.5
u176,American History X (1998),5.0
u176,Batman Begins (2005),4.0
u176,Beauty and the Beast (1991),5.0
u176,"Departed, The (2006)",5.0
u176,Fight Club (1999),5.0
u176,Forrest Gump (1994),5.0
u176,Goodfellas (1990),4.5
u176,Jurassic Park (1993),4.0
u176,Kill Bill: Vol. 1 (2003),4.5
u176,"Lion King, The (1994)",5.0
u176,Office Space (1999),4.5
u176,Reservoir Dogs (1992),4.0
u176,Seven (a.k.a. Se7en) (1995),4.0
u176,"Shawshank Redemption, The (1994)",5.0
u176,"Sixth Sense, The (1999)",4.5
u176,Toy Story (1995),4.5
u176,"Truman Show, The (1998)",4.0
u176,Willy Wonka & the Chocolate Factory (1971),4.0
u177,"Amelie (Fabuleux destin d'Amélie Poulain, Le) (2001)",5.0
u177,Beauty and the Beast (1991),4.5
u177,Casablanca (1942),4.5
u177,Fargo (1996),4.5
u177,Finding Nemo (2003),5.0
u177,"Fugitive, The (1993)",4.0
u177,Good Will Hunting (1997),4.0
u177,"Incredibles, The (2004)",4.0
u177,"Lord of the Rings: The Fellowship of the Ring, The (2001)",5.0
u177,"Lord of the Rings: The Return of the King, The (2003)",5.0
u177,"Lord of the Rings: The Two Towers, The (2002)",5.0
u177,"Monsters, Inc. (2001)",5.0
u177,Monty Python and the Holy Grail (1975),5.0
u177,Pirates of the Caribbean: The Curse of the Black Pearl (2003),4.0
u177,"Princess Bride, The (1987)",5.0
u177,Schindler's List (1993),5.0
u177,"Shawshank Redemption, The (1994)",5.0
u177,Shrek (2001),5.0
u177,"Silence of the Lambs, The (1991)",4.5
u177,"Sixth Sense, The (1999)",5.0
u177,Toy Story (1995),4.5
u178,2001: A Space Odyssey (1968),4.0
u178,Alien (1979),4.0
u178,Aliens (1986),4.0
u178,"Amelie (Fabuleux destin d'Amélie Poulain, Le) (2001)",5.0
u178,American Beauty (1999),4.0
u178,"Beautiful Mind, A (2001)",4.0
u178,Beauty and the Beast (1991),4.0
u178,Blade Runner (1982),4.0
u178,Braveheart (1995),4.5
u178,Casablanca (1942),4.0
u178,Dances with Wolves (1990),4.0
u178,"Dark Knight, The (2008)",4.0
u178,Dr. Strangelove or: How I Learned to Stop Worrying and Love the Bomb (1964),4.0
u178,E.T. the Extra-Terrestrial (1982),4.0
u178,Eternal Sunshine of the Spotless Mind (2004),4.5
u178,Fargo (1996),4.5
u178,Fight Club (1999),4.5
u178,Finding Nemo (2003),4.0
u178,Forrest Gump (1994),4.0
u178,"Green Mile, The (1999)",4.0
u178,Inception (2010),4.5
u178,Indiana Jones and the Last Crusade (1989),4.0
u178,Kill Bill: Vol. 1 (2003),5.0
u178,L.A. Confidential (1997),4.5
u178,"Lion King, The (1994)",4.0
u178,"Lord of the Rings: The Fellowship of the Ring, The (2001)",4.0
u178,"Lord of the Rings: The Return of the King, The (2003)",4.0
u178,"Lord of the Rings: The Two Towers, The (2002)",4.0
u178,Léon: The Professional (a.k.a. The Professional) (Léon) (1994),4.5
u178,"Matrix, The (1999)",4.0
u178,Memento (2000),4.5
u178,Pulp Fiction (1994),4.0
u178,Raiders of the Lost Ark (Indiana Jones and the Raiders of the Lost Ark) (1981),4.0
u178,"Shining, The (1980)",4.0
u178,Shrek (2001),4.0
u178,"Silence of the Lambs, The (1991)",4.0
u178,WALL·E (2008),4.0
u179,Alien (1979),5.0
u179,Aliens (1986),5.0
u179,Braveheart (1995),5.0
u179,Die Hard (1988),5.0
u179,Gladiator (2000),5.0
u179,"Godfather, The (1972)",5.0
u179,"Godfather: Part II, The (1974)",5.0
u179,Indiana Jones and the Last Crusade (1989),5.0
u179,"Matrix, The (1999)",5.0
u179,Raiders of the Lost Ark (Indiana Jones and the Raiders of the Lost Ark) (1981),5.0
u179,Saving Private Ryan (1998),5.0
u179,Star Wars: Episode IV - A New Hope (1977),5.0
u179,Star Wars: Episode V - The Empire Strikes Back (1980),5.0
u179,Star Wars: Episode VI - Return of the Jedi (1983),4.0
u179,Terminator 2: Judgment Day (1991),5.0
u180,Aladdin (1992),4.0
u180,Apocalypse Now (1979),4.5
u180,Apollo 13 (1995),4.5
u180,"Beautiful Mind, A (2001)",5.0
u180,Catch Me If You Can (2002),5.0
u180,"Dark Knight, The (2008)",5.0
u180,"Departed, The (2006)",5.0
u180,Eternal Sunshine of the Spotless Mind (2004),4.5
u180,Fight Club (1999),5.0
u180,Forrest Gump (1994),4.0
u180,Gladiator (2000),5.0
u180,"Godfather, The (1972)",4.5
u180,Good Will Hunting (1997),5.0
u180,Groundhog Day (1993),4.0
u180,Inception (2010),5.0
u180,Independence Day (a.k.a. ID4) (1996),4.5
u180,Kill Bill: Vol. 1 (2003),5.0
u180,L.A. Confidential (1997),4.5
u180,"Matrix, The (1999)",5.0
u180,Ocean's Eleven (2001),5.0
u180,One Flew Over the Cuckoo's Nest (1975),5.0
u180,Saving Private Ryan (1998),4.5
u180,Schindler's List (1993),4.0
u180,"Shawshank Redemption, The (1994)",5.0
u180,"Sixth Sense, The (1999)",4.5
u180,"Truman Show, The (1998)",4.5
u180,"Usual Suspects, The (1995)",4.0
u181,American Beauty (1999),4.0
u181,American History X (1998),5.0
u181,"Clockwork Orange, A (1971)",4.0
u181,"Dark Knight, The (2008)",4.0
u181,Dr. Strangelove or: How I Learned to Stop Worrying and Love the Bomb (1964),4.0
u181,Eternal Sunshine of the Spotless Mind (2004),5.0
u181,Fargo (1996),4.5
u181,Fight Club (1999),4.0
u181,"Godfather, The (1972)",4.0
u181,One Flew Over the Cuckoo's Nest (1975),5.0
u181,Raiders of the Lost Ark (Indiana Jones and the Raiders of the Lost Ark) (1981),4.0
u181,"Shining, The (1980)",4.0
u181,"Silence of the Lambs, The (1991)",4.0
u181,"Sixth Sense, The (1999)",5.0
u181,Taxi Driver (1976),5.0
u182,2001: A Space Odyssey (1968),4.0
u182,American Beauty (1999),4.0
u182,"Clockwork Orange, A (1971)",4.0
u182,"Departed, The (2006)",4.0
u182,Die Hard (1988),4.5
u182,Fargo (1996),4.0
u182,Forrest Gump (1994),4.0
u182,"Godfather, The (1972)",4.5
u182,"Godfather: Part II, The (1974)",4.0
u182,Goodfellas (1990),5.0
u182,"Green Mile, The (1999)",4.5
u182,"Matrix, The (1999)",4.5
u182,Memento (2000),4.0
u182,One Flew Over the Cuckoo's Nest (1975),4.0
u182,Pulp Fiction (1994),5.0
u182,Reservoir Dogs (1992),4.5
u182,Schindler's List (1993),4.0
u182,"Shawshank Redemption, The (1994)",4.0
u183,"Amelie (Fabuleux destin d'Amélie Poulain, Le) (2001)",4.0
u183,Donnie Darko (2001),4.0
u183,"Incredibles, The (2004)",4.0
u183,"Lion King, The (1994)",4.0
u183,"Lord of the Rings: The Fellowship of the Ring, The (2001)",5.0
u183,"Lord of the Rings: The Return of the King, The (2003)",5.0
u183,"Lord of the Rings: The Two Towers, The (2002)",5.0
u183,Monty Python and the Holy Grail (1975),4.0
u183,"Princess Bride, The (1987)",4.0
u183,Raiders of the Lost Ark (Indiana Jones and the Raiders of the Lost Ark) (1981),4.0
u183,Shrek (2001),4.0
u183,"Sixth Sense, The (1999)",4.0
u183,Star Wars: Episode IV - A New Hope (1977),4.0
u183,Star Wars: Episode V - The Empire Strikes Back (1980),4.0
u183,Toy Story (1995),4.0
u183,"Truman Show, The (1998)",4.0
u183,Twelve Monkeys (a.k.a. 12 Monkeys) (1995),4.0
u184,Apollo 13 (1995),4.0
u184,Beauty and the Beast (1991),4.0
u184,Braveheart (1995),5.0
u184,Forrest Gump (1994),5.0
u184,"Fugitive, The (1993)",5.0
u184,Jurassic Park (1993),4.0
u184,"Lion King, The (1994)",4.0
u184,Pulp Fiction (1994),5.0
u184,Schindler's List (1993),5.0
u184,Seven (a.k.a. Se7en) (1995),5.0
u184,"Shawshank Redemption, The (1994)",5.0
u184,"Silence of the Lambs, The (1991)",5.0
u184,Speed (1994),4.0
u184,Twelve Monkeys (a.k.a. 12 Monkeys) (1995),5.0
u184,"Usual Suspects, The (1995)",5.0
u185,Aladdin (1992),4.0
u185,Alien (1979),4.0
u185,Aliens (1986),5.0
u185,American Beauty (1999),4.0
u185,Apollo 13 (1995),4.0
u185,Babe (1995),4.0
u185,Back to the Future (1985),5.0
u185,"Beautiful Mind, A (2001)",4.0
u185,Beauty and the Beast (1991),4.0
u185,Die Hard (1988),4.0
u185,E.T. the Extra-Terrestrial (1982),4.5
u185,Fargo (1996),4.0
u185,Finding Nemo (2003),4.0
u185,Forrest Gump (1994),4.0
u185,"Fugitive, The (1993)",4.0
u185,Good Will Hunting (1997),4.0
u185,Goodfellas (1990),4.5
u185,Groundhog Day (1993),4.0
u185,Inception (2010),4.0
u185,Indiana Jones and the Last Crusade (1989),4.0
u185,Jurassic Park (1993),4.5
u185,L.A. Confidential (1997),4.0
u185,"Lion King, The (1994)",4.0
u185,"Matrix, The (1999)",4.0
u185,Mission: Impossible (1996),4.0
u185,Monty Python and the Holy Grail (1975),4.0
u185,One Flew Over the Cuckoo's Nest (1975),4.0
u185,"Princess Bride, The (1987)",5.0
u185,Pulp Fiction (1994),4.0
u185,Raiders of the Lost Ark (Indiana Jones and the Raiders of the Lost Ark) (1981),5.0
u185,Reservoir Dogs (1992),4.0
u185,Saving Private Ryan (1998),4.0
u185,Seven (a.k.a. Se7en) (1995),4.0
u185,"Shining, The (1980)",4.0
u185,Shrek (2001),4.0
u185,"Silence of the Lambs, The (1991)",5.0
u185,"Sixth Sense, The (1999)",4.0
u185,Star Wars: Episode IV - A New Hope (1977),5.0
u185,Star Wars: Episode V - The Empire Strikes Back (1980),5.0
u185,Star Wars: Episode VI - Return of the Jedi (1983),4.0
u185,Terminator 2: Judgment Day (1991),4.0
u185,"Terminator, The (1984)",4.0
u185,Toy Story (1995),4.0
u185,"Truman Show, The (1998)",4.0
u186,Alien (1979),5.0
u186,Aliens (1986),5.0
u186,"Amelie (Fabuleux destin d'Amélie Poulain, Le) (2001)",5.0
u186,Back to the Future (1985),5.0
u186,"Beautiful Mind, A (2001)",4.0
u186,Blade Runner (1982),5.0
u186,Dr. Strangelove or: How I Learned to Stop Worrying and Love the Bomb (1964),5.0
u186,"Green Mile, The (1999)",4.0
u186,Groundhog Day (1993),5.0
u186,"Incredibles, The (2004)",4.0
u186,Indiana Jones and the Last Crusade (1989),4.0
u186,"Lord of the Rings: The Fellowship of the Ring, The (2001)",4.0
u186,"Lord of the Rings: The Return of the King, The (2003)",4.0
u186,"Matrix, The (1999)",5.0
u186,Men in Black (a.k.a. MIB) (1997),5.0
u186,"Monsters, Inc. (2001)",4.0
u186,Monty Python and the Holy Grail (1975),5.0
u186,Office Space (1999),4.0
u186,"Princess Bride, The (1987)",5.0
u186,Raiders of the Lost Ark (Indiana Jones and the Raiders of the Lost Ark) (1981),5.0
u186,"Shawshank Redemption, The (1994)",5.0
u186,Shrek (2001),4.0
u186,Terminator 2: Judgment Day (1991),4.5
u186,"Terminator, The (1984)",4.0
u186,"Truman Show, The (1998)",4.5
u186,WALL·E (2008),4.5
u187,Aladdin (1992),4.0
u187,Alien (1979),5.0
u187,Aliens (1986),4.5
u187,American Beauty (1999),5.0
u187,American History X (1998),4.5
u187,Back to the Future (1985),5.0
u187,Batman Begins (2005),4.0
u187,Braveheart (1995),4.0
u187,"Dark Knight, The (2008)",5.0
u187,"Departed, The (2006)",5.0
u187,Die Hard (1988),4.0
u187,Donnie Darko (2001),4.0
u187,Eternal Sunshine of the Spotless Mind (2004),4.0
u187,Fight Club (1999),4.0
u187,Gladiator (2000),4.0
u187,"Godfather, The (1972)",4.5
u187,"Godfather: Part II, The (1974)",4.0
u187,Good Will Hunting (1997),4.5
u187,Groundhog Day (1993),4.5
u187,Inception (2010),5.0
u187,Indiana Jones and the Last Crusade (1989),4.5
u187,"Matrix, The (1999)",4.0
u187,Men in Black (a.k.a. MIB) (1997),4.0
u187,Monty Python and the Holy Grail (1975),4.5
u187,Ocean's Eleven (2001),4.5
u187,Office Space (1999),4.5
u187,One Flew Over the Cuckoo's Nest (1975),4.0
u187,Pirates of the Caribbean: The Curse of the Black Pearl (2003),5.0
u187,"Princess Bride, The (1987)",4.5
u187,Pulp Fiction (1994),5.0
u187,Reservoir Dogs (1992),4.0
u187,Saving Private Ryan (1998),5.0
u187,"Shawshank Redemption, The (1994)",5.0
u187,Star Wars: Episode IV - A New Hope (1977),5.0
u187,Star Wars: Episode V - The Empire Strikes Back (1980),4.5
u187,Star Wars: Episode VI - Return of the Jedi (1983),4.0
u187,Trainspotting (1996),4.0
u187,"Usual Suspects, The (1995)",4.5
u188,"Amelie (Fabuleux destin d'Amélie Poulain, Le) (2001)",5.0
u188,"Beautiful Mind, A (2001)",5.0
u188,Catch Me If You Can (2002),5.0
u188,"Dark Knight, The (2008)",5.0
u188,Eternal Sunshine of the Spotless Mind (2004),5.0
u188,Fight Club (1999),4.5
u188,Forrest Gump (1994),4.5
u188,Gladiator (2000),5.0
u188,Good Will Hunting (1997),5.0
u188,"Green Mile, The (1999)",5.0
u188,"Lion King, The (1994)",5.0
u188,"Lord of the Rings: The Fellowship of the Ring, The (2001)",5.0
u188,"Lord of the Rings: The Return of the King, The (2003)",5.0
u188,"Lord of the Rings: The Two Towers, The (2002)",5.0
u188,Léon: The Professional (a.k.a. The Professional) (Léon) (1994),5.0
u188,Pirates of the Caribbean: The Curse of the Black Pearl (2003),4.5
u188,Schindler's List (1993),4.5
u188,"Shawshank Redemption, The (1994)",5.0
u189,2001: A Space Odyssey (1968),4.0
u189,Aladdin (1992),4.0
u189,Aliens (1986),5.0
u189,Apocalypse Now (1979),4.0
u189,Apollo 13 (1995),5.0
u189,Back to the Future (1985),5.0
u189,Blade Runner (1982),5.0
u189,"Fugitive, The (1993)",5.0
u189,Indiana Jones and the Last Crusade (1989),5.0
u189,Jurassic Park (1993),4.0
u189,Monty Python and the Holy Grail (1975),5.0
u189,"Princess Bride, The (1987)",5.0
u189,Raiders of the Lost Ark (Indiana Jones and the Raiders of the Lost Ark) (1981),5.0
u189,Seven (a.k.a. Se7en) (1995),5.0
u189,"Silence of the Lambs, The (1991)",4.0
u189,Speed (1994),5.0
u189,Star Wars: Episode IV - A New Hope (1977),5.0
u189,Star Wars: Episode V - The Empire Strikes Back (1980),5.0
u189,Terminator 2: Judgment Day (1991),5.0
u189,"Terminator, The (1984)",4.0
u189,Toy Story (1995),4.0
u189,True Lies (1994),4.0
u190,"Amelie (Fabuleux destin d'Amélie Poulain, Le) (2001)",4.5
u190,American Beauty (1999),4.0
u190,Apollo 13 (1995),4.0
u190,Back to the Future (1985),4.0
u190,"Dark Knight, The (2008)",4.0
u190,Die Hard (1988),4.5
u190,Donnie Darko (2001),4.0
u190,Fargo (1996),4.5
u190,Finding Nemo (2003),4.5
u190,Forrest Gump (1994),4.0
u190,Groundhog Day (1993),4.0
u190,Inception (2010),4.0
u190,Jurassic Park (1993),4.0
u190,Kill Bill: Vol. 1 (2003),4.5
u190,"Lion King, The (1994)",4.0
u190,Léon: The Professional (a.k.a. The Professional) (Léon) (1994),4.0
u190,"Matrix, The (1999)",4.0
u190,Memento (2000),4.0
u190,Monty Python and the Holy Grail (1975),4.5
u190,Ocean's Eleven (2001),4.5
u190,Office Space (1999),4.5
u190,Pirates of the Caribbean: The Curse of the Black Pearl (2003),4.5
u190,"Princess Bride, The (1987)",4.5
u190,Raiders of the Lost Ark (Indiana Jones and the Raiders of the Lost Ark) (1981),4.0
u190,Schindler's List (1993),4.0
u190,"Shawshank Redemption, The (1994)",4.5
u190,Star Wars: Episode IV - A New Hope (1977),4.0
u190,Star Wars: Episode V - The Empire Strikes Back (1980),4.5
u190,Star Wars: Episode VI - Return of the Jedi (1983),4.0
u190,Toy Story (1995),4.0
u190,True Lies (1994),4.5
u190,"Truman Show, The (1998)",4.5
u190,"Usual Suspects, The (1995)",4.5
u191,Aladdin (1992),5.0
u191,Alien (1979),5.0
u191,Babe (1995),5.0
u191,Back to the Future (1985),4.0
u191,Beauty and the Beast (1991),5.0
u191,Casablanca (1942),4.0
u191,Dances with Wolves (1990),5.0
u191,E.T. the Extra-Terrestrial (1982),5.0
u191,"Green Mile, The (1999)",5.0
u191,Independence Day (a.k.a. ID4) (1996),4.0
u191,Indiana Jones and the Last Crusade (1989),4.0
u191,Jurassic Park (1993),5.0
u191,"Lion King, The (1994)",4.0
u191,Raiders of the Lost Ark (Indiana Jones and the Raiders of the Lost Ark) (1981),5.0
u191,"Shining, The (1980)",5.0
u191,"Silence of the Lambs, The (1991)",5.0
u191,Star Wars: Episode IV - A New Hope (1977),5.0
u191,Star Wars: Episode V - The Empire Strikes Back (1980),5.0
u191,Star Wars: Episode VI - Return of the Jedi (1983),5.0
u191,Willy Wonka & the Chocolate Factory (1971),5.0
u192,American History X (1998),4.5
u192,Apollo 13 (1995),4.0
u192,Batman Begins (2005),4.5
u192,"Beautiful Mind, A (2001)",4.5
u192,"Bourne Identity, The (2002)",5.0
u192,Braveheart (1995),5.0
u192,"Dark Knight, The (2008)",5.0
u192,"Departed, The (2006)",4.5
u192,Die Hard (1988),5.0
u192,Forrest Gump (1994),5.0
u192,"Fugitive, The (1993)",4.0
u192,Full Metal Jacket (1987),4.0
u192,Gladiator (2000),5.0
u192,Good Will Hunting (1997),5.0
u192,Goodfellas (1990),4.0
u192,"Matrix, The (1999)",5.0
u192,Pulp Fiction (1994),4.0
u192,"Silence of the Lambs, The (1991)",4.0
u192,Terminator 2: Judgment Day (1991),4.0
u192,"Terminator, The (1984)",4.0
u192,Trainspotting (1996),4.0
u193,Alien (1979),5.0
u193,Aliens (1986),5.0
u193,American Beauty (1999),4.0
u193,American History X (1998),4.0
u193,Braveheart (1995),5.0
u193,Fargo (1996),4.0
u193,Fight Club (1999),5.0
u193,"Fugitive, The (1993)",5.0
u193,"Godfather, The (1972)",5.0
u193,Goodfellas (1990),5.0
u193,"Green Mile, The (1999)",5.0
u193,Indiana Jones and the Last Crusade (1989),5.0
u193,Jurassic Park (1993),4.0
u193,"Matrix, The (1999)",5.0
u193,Men in Black (a.k.a. MIB) (1997),5.0
u193,Raiders of the Lost Ark (Indiana Jones and the Raiders of the Lost Ark) (1981),4.0
u193,Saving Private Ryan (1998),5.0
u193,Schindler's List (1993),5.0
u193,"Shawshank Redemption, The (1994)",4.0
u193,"Silence of the Lambs, The (1991)",4.0
u193,Taxi Driver (1976),4.0
u193,Terminator 2: Judgment Day (1991),4.0
u193,"Terminator, The (1984)",4.0
u194,Aladdin (1992),4.5
u194,American History X (1998),4.0
u194,Babe (1995),4.0
u194,Back to the Future (1985),5.0
u194,"Beautiful Mind, A (2001)",4.0
u194,"Bourne Identity, The (2002)",4.5
u194,Die Hard (1988),4.5
u194,E.T. the Extra-Terrestrial (1982),4.0
u194,Finding Nemo (2003),4.0
u194,Forrest Gump (1994),4.5
u194,Gladiator (2000),4.5
u194,Inception (2010),4.5
u194,"Incredibles, The (2004)",4.0
u194,Independence Day (a.k.a. ID4) (1996),4.5
u194,Indiana Jones and the Last Crusade (1989),4.5
u194,Jurassic Park (1993),4.5
u194,Kill Bill: Vol. 1 (2003),4.5
u194,"Lion King, The (1994)",4.0
u194,"Lord of the Rings: The Fellowship of the Ring, The (2001)",4.0
u194,"Lord of the Rings: The Return of the King, The (2003)",4.5
u194,"Lord of the Rings: The Two Towers, The (2002)",4.0
u194,"Matrix, The (1999)",4.0
u194,Men in Black (a.k.a. MIB) (1997),4.0
u194,"Monsters, Inc. (2001)",4.0
u194,Ocean's Eleven (2001),4.0
u194,Pirates of the Caribbean: The Curse of the Black Pearl (2003),4.5
u194,Raiders of the Lost Ark (Indiana Jones and the Raiders of the Lost Ark) (1981),4.0
u194,Saving Private Ryan (1998),4.5
u194,Seven (a.k.a. Se7en) (1995),4.0
u194,Shrek (2001),4.5
u194,"Silence of the Lambs, The (1991)",4.0
u194,"Sixth Sense, The (1999)",4.0
u194,Star Wars: Episode IV - A New Hope (1977),4.5
u194,Star Wars: Episode V - The Empire Strikes Back (1980),4.5
u194,Star Wars: Episode VI - Return of the Jedi (1983),4.5
u194,Toy Story (1995),4.0
u194,"Truman Show, The (1998)",5.0
u195,2001: A Space Odyssey (1968),4.0
u195,Aliens (1986),4.0
u195,American Beauty (1999),4.5
u195,American History X (1998),4.0
u195,"Beautiful Mind, A (2001)",4.5
u195,"Bourne Identity, The (2002)",4.0
u195,Catch Me If You Can (2002),4.5
u195,"Clockwork Orange, A (1971)",4.0
u195,E.T. the Extra-Terrestrial (1982),4.0
u195,Eternal Sunshine of the Spotless Mind (2004),4.0
u195,Fight Club (1999),5.0
u195,Finding Nemo (2003),4.5
u195,Forrest Gump (1994),5.0
u195,"Lion King, The (1994)",5.0
u195,"Matrix, The (1999)",5.0
u195,Memento (2000),5.0
u195,Ocean's Eleven (2001),5.0
u195,Pirates of the Caribbean: The Curse of the Black Pearl (2003),4.0
u195,Seven (a.k.a. Se7en) (1995),5.0
u195,"Shawshank Redemption, The (1994)",5.0
u195,Shrek (2001),5.0
u195,Willy Wonka & the Chocolate Factory (1971),5.0
u196,Aladdin (1992),5.0
u196,American Beauty (1999),5.0
u196,Back to the Future (1985),5.0
u196,Batman Begins (2005),5.0
u196,Beauty and the Beast (1991),5.0
u196,Catch Me If You Can (2002),5.0
u196,Die Hard (1988),5.0
u196,Eternal Sunshine of the Spotless Mind (2004),5.0
u196,Fight Club (1999),5.0
u196,Finding Nemo (2003),5.0
u196,Groundhog Day (1993),5.0
u196,"Lion King, The (1994)",5.0
u196,"Matrix, The (1999)",5.0
u196,Memento (2000),5.0
u196,Men in Black (a.k.a. MIB) (1997),5.0
u196,"Monsters, Inc. (2001)",5.0
u196,"Sixth Sense, The (1999)",5.0
u196,Speed (1994),5.0
u196,True Lies (1994),5.0
u196,WALL·E (2008),5.0
u197,Back to the Future (1985),4.0
u197,"Bourne Identity, The (2002)",4.5
u197,Catch Me If You Can (2002),4.0
u197,Die Hard (1988),4.5
u197,Fight Club (1999),4.5
u197,Finding Nemo (2003),4.0
u197,Forrest Gump (1994),4.5
u197,Good Will Hunting (1997),4.5
u197,"Green Mile, The (1999)",4.0
u197,Inception (2010),4.0
u197,Léon: The Professional (a.k.a. The Professional) (Léon) (1994),4.5
u197,"Matrix, The (1999)",4.0
u197,Mission: Impossible (1996),4.0
u197,Saving Private Ryan (1998),4.5
u197,Seven (a.k.a. Se7en) (1995),4.5
u197,"Shawshank Redemption, The (1994)",4.0
u197,Shrek (2001),4.0
u197,"Silence of the Lambs, The (1991)",4.5
u197,"Sixth Sense, The (1999)",4.0
u197,Speed (1994),4.0
u197,Terminator 2: Judgment Day (1991),4.0
u197,WALL·E (2008),4.5
u198,Apocalypse Now (1979),4.0
u198,"Beautiful Mind, A (2001)",4.0
u198,Blade Runner (1982),5.0
u198,Donnie Darko (2001),5.0
u198,Dr. Strangelove or: How I Learned to Stop Worrying and Love the Bomb (1964),4.0
u198,Eternal Sunshine of the Spotless Mind (2004),4.0
u198,Fight Club (1999),4.5
u198,Finding Nemo (2003),4.5
u198,Forrest Gump (1994),4.0
u198,Full Metal Jacket (1987),4.0
u198,Good Will Hunting (1997),4.0
u198,L.A. Confidential (1997),4.5
u198,"Lord of the Rings: The Return of the King, The (2003)",5.0
u198,"Matrix, The (1999)",4.5
u198,Monty Python and the Holy Grail (1975),5.0
u198,Office Space (1999),5.0
u198,One Flew Over the Cuckoo's Nest (1975),4.0
u198,Pulp Fiction (1994),4.0
u198,Schindler's List (1993),4.0
u198,"Sixth Sense, The (1999)",4.0
u198,Star Wars: Episode V - The Empire Strikes Back (1980),5.0
u198,Willy Wonka & the Chocolate Factory (1971),4.5
u199,American Beauty (1999),5.0
u199,"Bourne Identity, The (2002)",4.0
u199,Catch Me If You Can (2002),5.0
u199,"Departed, The (2006)",5.0
u199,Eternal Sunshine of the Spotless Mind (2004),5.0
u199,Fight Club (1999),5.0
u199,"Godfather, The (1972)",5.0
u199,"Godfather: Part II, The (1974)",5.0
u199,Good Will Hunting (1997),4.0
u199,Goodfellas (1990),5.0
u199,Léon: The Professional (a.k.a. The Professional) (Léon) (1994),4.0
u199,Ocean's Eleven (2001),4.5
u199,Office Space (1999),4.0
u199,Pulp Fiction (1994),5.0
u199,Reservoir Dogs (1992),4.5
u199,Trainspotting (1996),5.0
u199,Twelve Monkeys (a.k.a. 12 Monkeys) (1995),5.0
u199,"Usual Suspects, The (1995)",4.0
u200,Alien (1979),5.0
u200,Aliens (1986),5.0
u200,American Beauty (1999),5.0
u200,American History X (1998),5.0
u200,Apocalypse Now (1979),5.0
u200,Apollo 13 (1995),4.0
u200,Blade Runner (1982),4.0
u200,Braveheart (1995),5.0
u200,"Clockwork Orange, A (1971)",4.0
u200,Die Hard (1988),4.0
u200,E.T. the Extra-Terrestrial (1982),5.0
u200,Fargo (1996),5.0
u200,Fight Club (1999),4.0
u200,Forrest Gump (1994),5.0
u200,"Fugitive, The (1993)",4.0
u200,Full Metal Jacket (1987),4.0
u200,Goodfellas (1990),5.0
u200,"Green Mile, The (1999)",5.0
u200,Groundhog Day (1993),4.0
u200,Independence Day (a.k.a. ID4) (1996),4.0
u200,Jurassic Park (1993),4.0
u200,Léon: The Professional (a.k.a. The Professional) (Léon) (1994),5.0
u200,"Matrix, The (1999)",5.0
u200,"Princess Bride, The (1987)",5.0
u200,Pulp Fiction (1994),4.0
u200,Raiders of the Lost Ark (Indiana Jones and the Raiders of the Lost Ark) (1981),4.0
u200,Reservoir Dogs (1992),5.0
u200,Saving Private Ryan (1998),5.0
u200,"Shawshank Redemption, The (1994)",5.0
u200,"Shining, The (1980)",5.0
u200,"Silence of the Lambs, The (1991)",5.0
u200,"Sixth Sense, The (1999)",4.0
u200,Star Wars: Episode IV - A New Hope (1977),5.0
u200,Star Wars: Episode V - The Empire Strikes Back (1980),5.0
u200,Star Wars: Episode VI - Return of the Jedi (1983),5.0
u200,Terminator 2: Judgment Day (1991),5.0
u200,"Terminator, The (1984)",5.0
u200,Toy Story (1995),4.0
u200,Trainspotting (1996),5.0
u200,True Lies (1994),4.0
u200,Twelve Monkeys (a.k.a. 12 Monkeys) (1995),4.0
u200,"Usual Suspects, The (1995)",5.0
u201,Aladdin (1992),4.0
u201,Babe (1995),5.0
u201,Braveheart (1995),4.0
u201,Fargo (1996),4.0
u201,Forrest Gump (1994),4.0
u201,Independence Day (a.k.a. ID4) (1996),5.0
u201,Jurassic Park (1993),5.0
u201,"Lion King, The (1994)",4.0
u201,Men in Black (a.k.a. MIB) (1997),5.0
u201,"Shawshank Redemption, The (1994)",5.0
u201,Speed (1994),4.0
u201,Star Wars: Episode IV - A New Hope (1977),5.0
u201,Star Wars: Episode VI - Return of the Jedi (1983),4.0
u201,Terminator 2: Judgment Day (1991),4.0
u201,Toy Story (1995),5.0
u202,"Amelie (Fabuleux destin d'Amélie Poulain, Le) (2001)",4.0
u202,American Beauty (1999),4.0
u202,American History X (1998),4.0
u202,Apocalypse Now (1979),4.0
u202,Apollo 13 (1995),4.0
u202,"Bourne Identity, The (2002)",4.0
u202,Braveheart (1995),4.0
u202,Catch Me If You Can (2002),4.0
u202,"Dark Knight, The (2008)",4.5
u202,"Departed, The (2006)",4.0
u202,Eternal Sunshine of the Spotless Mind (2004),4.0
u202,Fargo (1996),4.0
u202,Fight Club (1999),4.5
u202,Full Metal Jacket (1987),4.0
u202,Gladiator (2000),4.0
u202,Good Will Hunting (1997),4.0
u202,"Green Mile, The (1999)",4.0
u202,Inception (2010),4.0
u202,Indiana Jones and the Last Crusade (1989),4.0
u202,Kill Bill: Vol. 1 (2003),4.0
u202,"Lord of the Rings: The Fellowship of the Ring, The (2001)",4.0
u202,"Lord of the Rings: The Return of the King, The (2003)",4.0
u202,"Lord of the Rings: The Two Towers, The (2002)",4.0
u202,Léon: The Professional (a.k.a. The Professional) (Léon) (1994),4.5
u202,"Matrix, The (1999)",4.5
u202,Men in Black (a.k.a. MIB) (1997),4.0
u202,Monty Python and the Holy Grail (1975),4.0
u202,Ocean's Eleven (2001),4.0
u202,Pulp Fiction (1994),4.0
u202,Raiders of the Lost Ark (Indiana Jones and the Raiders of the Lost Ark) (1981),4.0
u202,Reservoir Dogs (1992),4.0
u202,Seven (a.k.a. Se7en) (1995),4.0
u202,"Silence of the Lambs, The (1991)",4.0
u202,"Sixth Sense, The (1999)",4.0
u202,Speed (1994),4.0
u202,Star Wars: Episode IV - A New Hope (1977),4.0
u202,Star Wars: Episode V - The Empire Strikes Back (1980),4.0
u202,Star Wars: Episode VI - Return of the Jedi (1983),4.0
u202,Trainspotting (1996),4.5
u202,True Lies (1994),4.0
u202,"Truman Show, The (1998)",4.0
u202,"Usual Suspects, The (1995)",4.0
u202,WALL·E (2008),4.0
u203,Aladdin (1992),4.0
u203,Alien (1979),4.5
u203,Aliens (1986),4.0
u203,American Beauty (1999),5.0
u203,"Beautiful Mind, A (2001)",5.0
u203,Braveheart (1995),4.0
u203,Catch Me If You Can (2002),4.0
u203,"Dark Knight, The (2008)",4.0
u203,Fight Club (1999),4.5
u203,Finding Nemo (2003),4.5
u203,Forrest Gump (1994),5.0
u203,Good Will Hunting (1997),5.0
u203,"Green Mile, The (1999)",4.0
u203,Groundhog Day (1993),4.0
u203,Kill Bill: Vol. 1 (2003),4.5
u203,"Lion King, The (1994)",5.0
u203,"Matrix, The (1999)",5.0
u203,"Monsters, Inc. (2001)",4.5
u203,Ocean's Eleven (2001),4.5
u203,"Princess Bride, The (1987)",5.0
u203,Pulp Fiction (1994),5.0
u203,Schindler's List (1993),4.5
u203,"Shawshank Redemption, The (1994)",5.0
u203,"Shining, The (1980)",4.0
u203,Shrek (2001),5.0
u203,"Silence of the Lambs, The (1991)",5.0
u203,"Sixth Sense, The (1999)",4.0
u203,Terminator 2: Judgment Day (1991),4.5
u203,"Terminator, The (1984)",5.0
u203,Toy Story (1995),4.5
u203,"Truman Show, The (1998)",5.0
u203,"Usual Suspects, The (1995)",4.0
u204,Aliens (1986),4.0
u204,American Beauty (1999),4.0
u204,Apollo 13 (1995),4.0
u204,Back to the Future (1985),4.0
u204,Die Hard (1988),4.0
u204,Donnie Darko (2001),4.5
u204,E.T. the Extra-Terrestrial (1982),4.5
u204,Eternal Sunshine of the Spotless Mind (2004),4.0
u204,Fargo (1996),4.0
u204,Fight Club (1999),4.0
u204,Forrest Gump (1994),4.0
u204,"Fugitive, The (1993)",4.0
u204,Gladiator (2000),4.0
u204,"Green Mile, The (1999)",4.0
u204,Groundhog Day (1993),4.0
u204,Indiana Jones and the Last Crusade (1989),4.0
u204,"Lord of the Rings: The Fellowship of the Ring, The (2001)",4.0
u204,"Matrix, The (1999)",4.5
u204,Memento (2000),4.0
u204,Men in Black (a.k.a. MIB) (1997),4.0
u204,"Princess Bride, The (1987)",4.0
u204,Raiders of the Lost Ark (Indiana Jones and the Raiders of the Lost Ark) (1981),4.0
u204,Saving Private Ryan (1998),4.0
u204,Schindler's List (1993),4.5
u204,"Shawshank Redemption, The (1994)",4.0
u204,Shrek (2001),4.0
u204,"Sixth Sense, The (1999)",4.0
u204,Star Wars: Episode V - The Empire Strikes Back (1980),4.0
u204,Star Wars: Episode VI - Return of the Jedi (1983),4.0
u204,Terminator 2: Judgment Day (1991),4.0
u204,Toy Story (1995),4.0
u204,Trainspotting (1996),4.0
u204,Twelve Monkeys (a.k.a. 12 Monkeys) (1995),4.0
u205,2001: A Space Odyssey (1968),5.0
u205,Alien (1979),4.0
u205,Apocalypse Now (1979),5.0
u205,Apollo 13 (1995),4.0
u205,Casablanca (1942),5.0
u205,Dances with Wolves (1990),5.0
u205,Dr. Strangelove or: How I Learned to Stop Worrying and Love the Bomb (1964),5.0
u205,Fargo (1996),4.0
u205,Forrest Gump (1994),4.0
u205,"Fugitive, The (1993)",5.0
u205,"Godfather, The (1972)",5.0
u205,"Godfather: Part II, The (1974)",5.0
u205,Good Will Hunting (1997),5.0
u205,Indiana Jones and the Last Crusade (1989),4.0
u205,Jurassic Park (1993),4.0
u205,Monty Python and the Holy Grail (1975),4.0
u205,One Flew Over the Cuckoo's Nest (1975),5.0
u205,Raiders of the Lost Ark (Indiana Jones and the Raiders of the Lost Ark) (1981),4.0
u205,Saving Private Ryan (1998),5.0
u205,Schindler's List (1993),5.0
u205,"Shawshank Redemption, The (1994)",5.0
u205,"Silence of the Lambs, The (1991)",4.0
u205,Star Wars: Episode IV - A New Hope (1977),5.0
u205,Star Wars: Episode V - The Empire Strikes Back (1980),5.0
u205,Star Wars: Episode VI - Return of the Jedi (1983),5.0
u205,Taxi Driver (1976),4.0
u205,Toy Story (1995),4.0
u206,Alien (1979),4.0
u206,Back to the Future (1985),5.0
u206,Braveheart (1995),4.0
u206,Casablanca (1942),5.0
u206,Dances with Wolves (1990),5.0
u206,E.T. the Extra-Terrestrial (1982),4.0
u206,Forrest Gump (1994),5.0
u206,"Fugitive, The (1993)",4.0
u206,Full Metal Jacket (1987),4.0
u206,"Godfather, The (1972)",5.0
u206,"Godfather: Part II, The (1974)",4.0
u206,Goodfellas (1990),4.0
u206,Indiana Jones and the Last Crusade (1989),4.0
u206,Jurassic Park (1993),5.0
u206,Raiders of the Lost Ark (Indiana Jones and the Raiders of the Lost Ark) (1981),4.0
u206,Saving Private Ryan (1998),5.0
u206,Schindler's List (1993),5.0
u206,"Shawshank Redemption, The (1994)",5.0
u206,"Silence of the Lambs, The (1991)",4.0
u206,Star Wars: Episode IV - A New Hope (1977),5.0
u206,Star Wars: Episode VI - Return of the Jedi (1983),4.0
u206,"Terminator, The (1984)",4.0
u206,True Lies (1994),4.0
u207,"Beautiful Mind, A (2001)",4.5
u207,Eternal Sunshine of the Spotless Mind (2004),5.0
u207,Fight Club (1999),4.5
u207,Finding Nemo (2003),4.5
u207,Forrest Gump (1994),4.5
u207,Good Will Hunting (1997),4.0
u207,"Green Mile, The (1999)",5.0
u207,Inception (2010),4.5
u207,"Lord of the Rings: The Fellowship of the Ring, The (2001)",4.5
u207,"Lord of the Rings: The Return of the King, The (2003)",4.5
u207,"Lord of the Rings: The Two Towers, The (2002)",4.5
u207,Memento (2000),4.5
u207,"Monsters, Inc. (2001)",4.5
u207,Schindler's List (1993),5.0
u207,"Shawshank Redemption, The (1994)",5.0
u207,Shrek (2001),4.5
u207,"Sixth Sense, The (1999)",4.5
u207,WALL·E (2008),4.0
u208,Aladdin (1992),4.0
u208,Apollo 13 (1995),5.0
u208,Beauty and the Beast (1991),5.0
u208,Braveheart (1995),5.0
u208,Dances with Wolves (1990),5.0
u208,Forrest Gump (1994),5.0
u208,"Fugitive, The (1993)",4.0
u208,Jurassic Park (1993),5.0
u208,"Lion King, The (1994)",5.0
u208,Seven (a.k.a. Se7en) (1995),5.0
u208,"Silence of the Lambs, The (1991)",4.0
u208,Speed (1994),5.0
u208,Terminator 2: Judgment Day (1991),5.0
u208,Toy Story (1995),5.0
u208,True Lies (1994),5.0
u209,Aladdin (1992),4.5
u209,Aliens (1986),5.0
u209,Back to the Future (1985),4.5
u209,Batman Begins (2005),4.0
u209,Braveheart (1995),5.0
u209,"Dark Knight, The (2008)",4.5
u209,E.T. the Extra-Terrestrial (1982),4.0
u209,"Fugitive, The (1993)",4.5
u209,Gladiator (2000),5.0
u209,Good Will Hunting (1997),5.0
u209,"Green Mile, The (1999)",4.0
u209,Groundhog Day (1993),4.5
u209,Indiana Jones and the Last Crusade (1989),4.0
u209,"Lord of the Rings: The Fellowship of the Ring, The (2001)",5.0
u209,"Lord of the Rings: The Return of the King, The (2003)",5.0
u209,"Lord of the Rings: The Two Towers, The (2002)",5.0
u209,"Matrix, The (1999)",5.0
u209,Men in Black (a.k.a. MIB) (1997),5.0
u209,"Monsters, Inc. (2001)",5.0
u209,Ocean's Eleven (2001),4.0
u209,Pirates of the Caribbean: The Curse of the Black Pearl (2003),5.0
u209,Raiders of the Lost Ark (Indiana Jones and the Raiders of the Lost Ark) (1981),5.0
u209,"Shawshank Redemption, The (1994)",5.0
u209,Star Wars: Episode IV - A New Hope (1977),4.5
u209,Star Wars: Episode V - The Empire Strikes Back (1980),4.5
u209,Star Wars: Episode VI - Return of the Jedi (1983),4.5
u209,Terminator 2: Judgment Day (1991),5.0
u209,True Lies (1994),4.5
u209,WALL·E (2008),5.0
u209,Willy Wonka & the Chocolate Factory (1971),4.5
u210,Aladdin (1992),5.0
u210,Apollo 13 (1995),5.0
u210,Beauty and the Beast (1991),5.0
u210,Braveheart (1995),5.0
u210,Dances with Wolves (1990),4.0
u210,Forrest Gump (1994),5.0
u210,"Fugitive, The (1993)",5.0
u210,Independence Day (a.k.a. ID4) (1996),5.0
u210,Jurassic Park (1993),5.0
u210,"Lion King, The (1994)",5.0
u210,Léon: The Professional (a.k.a. The Professional) (Léon) (1994),4.0
u210,Mission: Impossible (1996),4.0
u210,Pulp Fiction (1994),4.0
u210,"Shawshank Redemption, The (1994)",4.0
u210,"Silence of the Lambs, The (1991)",5.0
u210,Terminator 2: Judgment Day (1991),5.0
u210,True Lies (1994),5.0
u211,American Beauty (1999),4.5
u211,Babe (1995),4.0
u211,"Beautiful Mind, A (2001)",4.0
u211,Casablanca (1942),5.0
u211,Fargo (1996),4.5
u211,Fight Club (1999),4.0
u211,Forrest Gump (1994),4.0
u211,Gladiator (2000),5.0
u211,"Godfather, The (1972)",5.0
u211,"Godfather: Part II, The (1974)",4.0
u211,L.A. Confidential (1997),4.0
u211,"Lord of the Rings: The Fellowship of the Ring, The (2001)",4.5
u211,"Lord of the Rings: The Return of the King, The (2003)",4.5
u211,"Lord of the Rings: The Two Towers, The (2002)",4.0
u211,"Shawshank Redemption, The (1994)",4.5
u211,"Silence of the Lambs, The (1991)",4.0
u211,Star Wars: Episode IV - A New Hope (1977),5.0
u211,Star Wars: Episode V - The Empire Strikes Back (1980),5.0
u211,Star Wars: Episode VI - Return of the Jedi (1983),4.5
u211,"Usual Suspects, The (1995)",4.5
u212,Aladdin (1992),4.5
u212,Alien (1979),4.0
u212,Beauty and the Beast (1991),5.0
u212,Braveheart (1995),5.0
u212,Die Hard (1988),5.0
u212,"Fugitive, The (1993)",4.5
u212,Gladiator (2000),4.5
u212,"Godfather, The (1972)",4.0
u212,Independence Day (a.k.a. ID4) (1996),4.5
u212,Jurassic Park (1993),5.0
u212,"Lion King, The (1994)",5.0
u212,"Matrix, The (1999)",5.0
u212,Men in Black (a.k.a. MIB) (1997),4.5
u212,Mission: Impossible (1996),5.0
u212,Saving Private Ryan (1998),4.0
u212,"Silence of the Lambs, The (1991)",5.0
u212,"Sixth Sense, The (1999)",4.0
u212,Speed (1994),4.5
u212,Star Wars: Episode VI - Return of the Jedi (1983),4.0
u212,Terminator 2: Judgment Day (1991),5.0
u212,"Terminator, The (1984)",5.0
u212,True Lies (1994),4.5
u213,2001: A Space Odyssey (1968),4.0
u213,Alien (1979),4.0
u213,"Amelie (Fabuleux destin d'Amélie Poulain, Le) (2001)",4.0
u213,Babe (1995),4.0
u213,Back to the Future (1985),4.0
u213,Batman Begins (2005),4.0
u213,Beauty and the Beast (1991),4.0
u213,Blade Runner (1982),4.0
u213,"Dark Knight, The (2008)",4.0
u213,Die Hard (1988),4.0
u213,Donnie Darko (2001),5.0
u213,E.T. the Extra-Terrestrial (1982),4.0
u213,Fight Club (1999),4.0
u213,Finding Nemo (2003),4.0
u213,Good Will Hunting (1997),4.0
u213,Inception (2010),4.0
u213,"Incredibles, The (2004)",4.0
u213,"Lion King, The (1994)",4.0
u213,"Lord of the Rings: The Fellowship of the Ring, The (2001)",4.0
u213,"Matrix, The (1999)",4.0
u213,Memento (2000),4.5
u213,Monty Python and the Holy Grail (1975),4.0
u213,Schindler's List (1993),4.0
u213,Shrek (2001),4.0
u213,"Silence of the Lambs, The (1991)",4.0
u213,"Sixth Sense, The (1999)",4.0
u213,Star Wars: Episode IV - A New Hope (1977),4.0
u213,Star Wars: Episode VI - Return of the Jedi (1983),4.0
u213,Toy Story (1995),4.0
u213,WALL·E (2008),4.5
u214,Aladdin (1992),4.0
u214,Alien (1979),5.0
u214,Aliens (1986),5.0
u214,American Beauty (1999),5.0
u214,Apocalypse Now (1979),5.0
u214,Babe (1995),4.0
u214,Back to the Future (1985),5.0
u214,Blade Runner (1982),4.0
u214,Braveheart (1995),5.0
u214,"Clockwork Orange, A (1971)",5.0
u214,Die Hard (1988),4.0
u214,E.T. the Extra-Terrestrial (1982),5.0
u214,Forrest Gump (1994),5.0
u214,"Fugitive, The (1993)",5.0
u214,Full Metal Jacket (1987),5.0
u214,"Godfather, The (1972)",5.0
u214,"Godfather: Part II, The (1974)",5.0
u214,Good Will Hunting (1997),5.0
u214,Groundhog Day (1993),5.0
u214,Indiana Jones and the Last Crusade (1989),5.0
u214,Jurassic Park (1993),5.0
u214,L.A. Confidential (1997),5.0
u214,Mission: Impossible (1996),4.0
u214,Monty Python and the Holy Grail (1975),4.0
u214,Office Space (1999),4.0
u214,One Flew Over the Cuckoo's Nest (1975),5.0
u214,"Princess Bride, The (1987)",5.0
u214,Raiders of the Lost Ark (Indiana Jones and the Raiders of the Lost Ark) (1981),5.0
u214,Reservoir Dogs (1992),4.0
u214,Saving Private Ryan (1998),5.0
u214,Seven (a.k.a. Se7en) (1995),4.0
u214,"Sixth Sense, The (1999)",5.0
u214,Speed (1994),4.0
u214,Star Wars: Episode IV - A New Hope (1977),5.0
u214,Star Wars: Episode V - The Empire Strikes Back (1980),5.0
u214,Star Wars: Episode VI - Return of the Jedi (1983),5.0
u214,Terminator 2: Judgment Day (1991),5.0
u214,"Terminator, The (1984)",4.0
u214,Toy Story (1995),4.0
u214,Trainspotting (1996),5.0
u214,"Usual Suspects, The (1995)",5.0
u214,Willy Wonka & the Chocolate Factory (1971),5.0
u215,2001: A Space Odyssey (1968),5.0
u215,Alien (1979),5.0
u215,Aliens (1986),5.0
u215,"Amelie (Fabuleux destin d'Amélie Poulain, Le) (2001)",5.0
u215,American Beauty (1999),5.0
u215,American History X (1998),4.0
u215,Apocalypse Now (1979),5.0
u215,Blade Runner (1982),4.5
u215,Casablanca (1942),4.0
u215,"Clockwork Orange, A (1971)",4.5
u215,Die Hard (1988),4.0
u215,Dr. Strangelove or: How I Learned to Stop Worrying and Love the Bomb (1964),5.0
u215,E.T. the Extra-Terrestrial (1982),4.0
u215,Fight Club (1999),5.0
u215,"Godfather, The (1972)",4.0
u215,"Godfather: Part II, The (1974)",4.0
u215,Good Will Hunting (1997),4.5
u215,Goodfellas (1990),4.0
u215,Groundhog Day (1993),4.0
u215,Indiana Jones and the Last Crusade (1989),4.0
u215,Jurassic Park (1993),4.0
u215,Kill Bill: Vol. 1 (2003),5.0
u215,"Lord of the Rings: The Fellowship of the Ring, The (2001)",4.0
u215,Léon: The Professional (a.k.a. The Professional) (Léon) (1994),5.0
u215,"Matrix, The (1999)",5.0
u215,Memento (2000),4.5
u215,Monty Python and the Holy Grail (1975),4.5
u215,Ocean's Eleven (2001),4.0
u215,Office Space (1999),4.0
u215,Pulp Fiction (1994),5.0
u215,Reservoir Dogs (1992),5.0
u215,Seven (a.k.a. Se7en) (1995),4.0
u215,"Shawshank Redemption, The (1994)",4.0
u215,Star Wars: Episode IV - A New Hope (1977),5.0
u215,Star Wars: Episode V - The Empire Strikes Back (1980),5.0
u215,Star Wars: Episode VI - Return of the Jedi (1983),5.0
u215,Terminator 2: Judgment Day (1991),4.5
u215,"Truman Show, The (1998)",4.0
u215,WALL·E (2008),4.0
u216,2001: A Space Odyssey (1968),4.0
u216,"Amelie (Fabuleux destin d'Amélie Poulain, Le) (2001)",4.0
u216,American Beauty (1999),4.5
u216,American History X (1998),4.0
u216,Back to the Future (1985),4.5
u216,"Clockwork Orange, A (1971)",5.0
u216,Dr. Strangelove or: How I Learned to Stop Worrying and Love the Bomb (1964),4.5
u216,Eternal Sunshine of the Spotless Mind (2004),5.0
u216,Fargo (1996),4.0
u216,Fight Club (1999),4.5
u216,Finding Nemo (2003),4.0
u216,Forrest Gump (1994),4.0
u216,"Godfather, The (1972)",4.0
u216,Groundhog Day (1993),4.0
u216,Indiana Jones and the Last Crusade (1989),4.0
u216,Kill Bill: Vol. 1 (2003),4.5
u216,"Lord of the Rings: The Fellowship of the Ring, The (2001)",5.0
u216,"Lord of the Rings: The Return of the King, The (2003)",5.0
u216,"Lord of the Rings: The Two Towers, The (2002)",5.0
u216,Memento (2000),4.0
u216,Monty Python and the Holy Grail (1975),4.5
u216,Office Space (1999),4.5
u216,"Princess Bride, The (1987)",5.0
u216,Pulp Fiction (1994),4.5
u216,Raiders of the Lost Ark (Indiana Jones and the Raiders of the Lost Ark) (1981),4.0
u216,Seven (a.k.a. Se7en) (1995),4.0
u216,"Silence of the Lambs, The (1991)",4.0
u216,Star Wars: Episode IV - A New Hope (1977),4.0
u216,Star Wars: Episode V - The Empire Strikes Back (1980),4.0
u216,Star Wars: Episode VI - Return of the Jedi (1983),4.5
u216,Twelve Monkeys (a.k.a. 12 Monkeys) (1995),4.5
u216,Willy Wonka & the Chocolate Factory (1971),5.0
u217,Batman Begins (2005),4.5
u217,"Beautiful Mind, A (2001)",4.0
u217,Casablanca (1942),4.0
u217,Catch Me If You Can (2002),4.5
u217,"Departed, The (2006)",5.0
u217,Eternal Sunshine of the Spotless Mind (2004),4.5
u217,Fight Club (1999),5.0
u217,Finding Nemo (2003),5.0
u217,Gladiator (2000),4.5
u217,"Godfather, The (1972)",5.0
u217,"Godfather: Part II, The (1974)",4.5
u217,Good Will Hunting (1997),4.5
u217,Inception (2010),5.0
u217,"Incredibles, The (2004)",5.0
u217,"Lord of the Rings: The Fellowship of the Ring, The (2001)",5.0
u217,"Lord of the Rings: The Return of the King, The (2003)",5.0
u217,"Lord of the Rings: The Two Towers, The (2002)",5.0
u217,"Matrix, The (1999)",5.0
u217,Memento (2000),5.0
u217,"Monsters, Inc. (2001)",5.0
u217,Monty Python and the Holy Grail (1975),4.0
u217,Ocean's Eleven (2001),4.5
u217,One Flew Over the Cuckoo's Nest (1975),4.0
u217,"Princess Bride, The (1987)",5.0
u217,Raiders of the Lost Ark (Indiana Jones and the Raiders of the Lost Ark) (1981),4.0
u217,Saving Private Ryan (1998),5.0
u217,Schindler's List (1993),5.0
u217,Seven (a.k.a. Se7en) (1995),4.0
u217,"Shawshank Redemption, The (1994)",5.0
u217,Shrek (2001),4.0
u217,"Sixth Sense, The (1999)",4.5
u217,Toy Story (1995),4.0
u217,"Usual Suspects, The (1995)",5.0
u217,WALL·E (2008),5.0
u218,Apollo 13 (1995),4.0
u218,Braveheart (1995),5.0
u218,Fargo (1996),5.0
u218,"Fugitive, The (1993)",5.0
u218,Independence Day (a.k.a. ID4) (1996),4.0
u218,Jurassic Park (1993),4.0
u218,"Lion King, The (1994)",4.0
u218,Mission: Impossible (1996),4.0
u218,Pulp Fiction (1994),5.0
u218,Schindler's List (1993),5.0
u218,Seven (a.k.a. Se7en) (1995),5.0
u218,"Shawshank Redemption, The (1994)",5.0
u218,"Silence of the Lambs, The (1991)",5.0
u218,Speed (1994),4.0
u218,Star Wars: Episode IV - A New Hope (1977),5.0
u218,Terminator 2: Judgment Day (1991),5.0
u218,"Usual Suspects, The (1995)",5.0
u219,2001: A Space Odyssey (1968),5.0
u219,Alien (1979),5.0
u219,Aliens (1986),4.0
u219,American Beauty (1999),5.0
u219,Apocalypse Now (1979),5.0
u219,Babe (1995),4.0
u219,Casablanca (1942),5.0
u219,"Clockwork Orange, A (1971)",5.0
u219,Die Hard (1988),4.0
u219,E.T. the Extra-Terrestrial (1982),4.0
u219,Fargo (1996),5.0
u219,Fight Club (1999),4.0
u219,Gladiator (2000),4.0
u219,"Godfather, The (1972)",5.0
u219,"Godfather: Part II, The (1974)",5.0
u219,Goodfellas (1990),4.0
u219,"Green Mile, The (1999)",4.0
u219,Groundhog Day (1993),5.0
u219,L.A. Confidential (1997),5.0
u219,"Matrix, The (1999)",5.0
u219,Memento (2000),5.0
u219,Men in Black (a.k.a. MIB) (1997),4.0
u219,One Flew Over the Cuckoo's Nest (1975),4.0
u219,Pulp Fiction (1994),5.0
u219,Raiders of the Lost Ark (Indiana Jones and the Raiders of the Lost Ark) (1981),4.0
u219,Reservoir Dogs (1992),5.0
u219,Saving Private Ryan (1998),5.0
u219,"Silence of the Lambs, The (1991)",5.0
u219,"Sixth Sense, The (1999)",5.0
u219,Speed (1994),5.0
u219,Star Wars: Episode IV - A New Hope (1977),4.0
u219,Taxi Driver (1976),5.0
u219,"Terminator, The (1984)",4.0
u219,Toy Story (1995),4.0
u220,Apollo 13 (1995),5.0
u220,Braveheart (1995),5.0
u220,Die Hard (1988),5.0
u220,E.T. the Extra-Terrestrial (1982),5.0
u220,"Fugitive, The (1993)",5.0
u220,"Godfather, The (1972)",4.0
u220,Goodfellas (1990),4.0
u220,"Green Mile, The (1999)",5.0
u220,Independence Day (a.k.a. ID4) (1996),4.0
u220,Indiana Jones and the Last Crusade (1989),4.0
u220,Jurassic Park (1993),4.0
u220,"Matrix, The (1999)",5.0
u220,Saving Private Ryan (1998),5.0
u220,Schindler's List (1993),5.0
u220,"Shawshank Redemption, The (1994)",5.0
u220,"Shining, The (1980)",5.0
u220,"Silence of the Lambs, The (1991)",5.0
u220,"Sixth Sense, The (1999)",5.0
u220,Speed (1994),5.0
u220,Terminator 2: Judgment Day (1991),4.0
u220,"Terminator, The (1984)",5.0
u220,Toy Story (1995),4.0
u220,True Lies (1994),4.0
